variant checkpoint /home/ubuntu/edgetrm_src/TinyRecursiveModels/checkpoints/Sudoku-extreme-1k-aug-1000-ACT-torch/trm_sudoku_attn_w256_s0/step_6510: arch {'H_cycles': 3, 'H_layers': 0, 'L_cycles': 6, 'L_layers': 2, 'expansion': 4, 'forward_dtype': 'bfloat16', 'halt_exploration_prob': 0.1, 'halt_max_steps': 16, 'hidden_size': 256, 'loss': {'loss_type': 'stablemax_cross_entropy', 'name': 'losses@ACTLossHead'}, 'mlp_t': False, 'name': 'recursive_reasoning.trm@TinyRecursiveReasoningModel_ACTV1', 'no_ACT_continue': True, 'num_heads': 4, 'pos_encodings': 'rope', 'puzzle_emb_len': 16, 'puzzle_emb_ndim': 256}
sudoku_attn: 1000 puzzles, batch 256, H=[3], nsup=[16], quants=['fp32', 'w8t', 'w8c', 'w8a', 'w6t', 'w6c', 'w6a', 'w5t', 'w5c', 'w5a', 'w4t', 'w4c', 'w4a', 'w4g128', 'w4g32', 'w3t', 'w3c', 'w3a', 'w3g32', 'w2t', 'w2c', 'w2a', 'w2g32']; 0 records already
  H=3 nsup=16 fp32       pexact   0.30 cell  62.36
  H=3 nsup=16 w8t        pexact   0.30 cell  62.35 fidH 0.9998 fidL 0.9999 (33s)
  H=3 nsup=16 w8c        pexact   0.30 cell  62.32 fidH 0.9999 fidL 1.0000 (33s)
  H=3 nsup=16 w8a        pexact   0.30 cell  62.37 fidH 0.9999 fidL 1.0000 (33s)
  H=3 nsup=16 w6t        pexact   0.30 cell  62.30 fidH 0.9972 fidL 0.9989 (33s)
  H=3 nsup=16 w6c        pexact   0.30 cell  62.37 fidH 0.9986 fidL 0.9995 (33s)
  H=3 nsup=16 w6a        pexact   0.30 cell  62.34 fidH 0.9990 fidL 0.9996 (32s)
  H=3 nsup=16 w5t        pexact   0.30 cell  61.87 fidH 0.9894 fidL 0.9961 (33s)
  H=3 nsup=16 w5c        pexact   0.30 cell  62.18 fidH 0.9949 fidL 0.9981 (33s)
  H=3 nsup=16 w5a        pexact   0.30 cell  62.23 fidH 0.9957 fidL 0.9984 (33s)
  H=3 nsup=16 w4t        pexact   0.00 cell  60.38 fidH 0.9528 fidL 0.9829 (33s)
  H=3 nsup=16 w4c        pexact   0.20 cell  61.48 fidH 0.9780 fidL 0.9921 (33s)
  H=3 nsup=16 w4a        pexact   0.00 cell  61.59 fidH 0.9810 fidL 0.9935 (33s)
  H=3 nsup=16 w4g128     pexact   0.30 cell  61.62 fidH 0.9792 fidL 0.9926 (33s)
  H=3 nsup=16 w4g32      pexact   0.10 cell  61.63 fidH 0.9846 fidL 0.9944 (33s)
  H=3 nsup=16 w3t        pexact   0.00 cell  51.06 fidH 0.7100 fidL 0.8877 (33s)
  H=3 nsup=16 w3c        pexact   0.00 cell  57.21 fidH 0.8696 fidL 0.9475 (33s)
  H=3 nsup=16 w3a        pexact   0.00 cell  58.61 fidH 0.9107 fidL 0.9667 (33s)
  H=3 nsup=16 w3g32      pexact   0.00 cell  58.99 fidH 0.9196 fidL 0.9706 (33s)
  H=3 nsup=16 w2t        pexact   0.00 cell   6.75 fidH -0.0075 fidL 0.1159 (33s)
  H=3 nsup=16 w2c        pexact   0.00 cell  30.96 fidH 0.1675 fidL 0.4778 (33s)
  H=3 nsup=16 w2a        pexact   0.00 cell  46.58 fidH 0.5190 fidL 0.7608 (33s)
  H=3 nsup=16 w2g32      pexact   0.00 cell  36.11 fidH 0.2971 fidL 0.6439 (33s)
wrote /home/ubuntu/breadth/results/variant_trm_sudoku_attn_w256_s0_6510.json 23 records
variant checkpoint /home/ubuntu/edgetrm_src/TinyRecursiveModels/checkpoints/Sudoku-extreme-1k-aug-1000-ACT-torch/trm_sudoku_attn_w256_s0/step_13020: arch {'H_cycles': 3, 'H_layers': 0, 'L_cycles': 6, 'L_layers': 2, 'expansion': 4, 'forward_dtype': 'bfloat16', 'halt_exploration_prob': 0.1, 'halt_max_steps': 16, 'hidden_size': 256, 'loss': {'loss_type': 'stablemax_cross_entropy', 'name': 'losses@ACTLossHead'}, 'mlp_t': False, 'name': 'recursive_reasoning.trm@TinyRecursiveReasoningModel_ACTV1', 'no_ACT_continue': True, 'num_heads': 4, 'pos_encodings': 'rope', 'puzzle_emb_len': 16, 'puzzle_emb_ndim': 256}
sudoku_attn: 1000 puzzles, batch 256, H=[3], nsup=[16], quants=['fp32', 'w8t', 'w8c', 'w8a', 'w6t', 'w6c', 'w6a', 'w5t', 'w5c', 'w5a', 'w4t', 'w4c', 'w4a', 'w4g128', 'w4g32', 'w3t', 'w3c', 'w3a', 'w3g32', 'w2t', 'w2c', 'w2a', 'w2g32']; 0 records already
  H=3 nsup=16 fp32       pexact   1.40 cell  67.46
  H=3 nsup=16 w8t        pexact   1.30 cell  67.57 fidH 0.9984 fidL 0.9986 (36s)
  H=3 nsup=16 w8c        pexact   1.40 cell  67.47 fidH 0.9991 fidL 0.9992 (37s)
  H=3 nsup=16 w8a        pexact   1.60 cell  67.49 fidH 0.9987 fidL 0.9989 (37s)
  H=3 nsup=16 w6t        pexact   1.80 cell  67.48 fidH 0.9903 fidL 0.9924 (37s)
  H=3 nsup=16 w6c        pexact   1.70 cell  67.37 fidH 0.9966 fidL 0.9971 (36s)
  H=3 nsup=16 w6a        pexact   1.60 cell  67.51 fidH 0.9959 fidL 0.9965 (37s)
  H=3 nsup=16 w5t        pexact   2.00 cell  67.06 fidH 0.9794 fidL 0.9840 (36s)
  H=3 nsup=16 w5c        pexact   1.50 cell  67.33 fidH 0.9928 fidL 0.9941 (37s)
  H=3 nsup=16 w5a        pexact   1.40 cell  67.08 fidH 0.9930 fidL 0.9942 (36s)
  H=3 nsup=16 w4t        pexact   0.70 cell  64.08 fidH 0.9301 fidL 0.9467 (36s)
  H=3 nsup=16 w4c        pexact   1.40 cell  66.75 fidH 0.9768 fidL 0.9823 (37s)
  H=3 nsup=16 w4a        pexact   1.10 cell  66.86 fidH 0.9826 fidL 0.9868 (36s)
  H=3 nsup=16 w4g128     pexact   1.70 cell  66.78 fidH 0.9789 fidL 0.9841 (37s)
  H=3 nsup=16 w4g32      pexact   1.50 cell  67.04 fidH 0.9841 fidL 0.9875 (37s)
  H=3 nsup=16 w3t        pexact   0.00 cell  50.10 fidH 0.6651 fidL 0.7031 (37s)
  H=3 nsup=16 w3c        pexact   1.10 cell  64.03 fidH 0.9133 fidL 0.9356 (37s)
  H=3 nsup=16 w3a        pexact   0.60 cell  65.08 fidH 0.9438 fidL 0.9564 (37s)
  H=3 nsup=16 w3g32      pexact   0.90 cell  65.05 fidH 0.9536 fidL 0.9650 (36s)
  H=3 nsup=16 w2t        pexact   0.00 cell   0.00 fidH 0.0066 fidL 0.1200 (37s)
  H=3 nsup=16 w2c        pexact   0.00 cell  30.19 fidH 0.1981 fidL 0.4455 (37s)
  H=3 nsup=16 w2a        pexact   0.00 cell  45.30 fidH 0.5993 fidL 0.6944 (37s)
  H=3 nsup=16 w2g32      pexact   0.00 cell  40.44 fidH 0.4798 fidL 0.6011 (37s)
wrote /home/ubuntu/breadth/results/variant_trm_sudoku_attn_w256_s0_13020.json 23 records
variant checkpoint /home/ubuntu/edgetrm_src/TinyRecursiveModels/checkpoints/Sudoku-extreme-1k-aug-1000-ACT-torch/trm_sudoku_attn_w256_s0/step_19530: arch {'H_cycles': 3, 'H_layers': 0, 'L_cycles': 6, 'L_layers': 2, 'expansion': 4, 'forward_dtype': 'bfloat16', 'halt_exploration_prob': 0.1, 'halt_max_steps': 16, 'hidden_size': 256, 'loss': {'loss_type': 'stablemax_cross_entropy', 'name': 'losses@ACTLossHead'}, 'mlp_t': False, 'name': 'recursive_reasoning.trm@TinyRecursiveReasoningModel_ACTV1', 'no_ACT_continue': True, 'num_heads': 4, 'pos_encodings': 'rope', 'puzzle_emb_len': 16, 'puzzle_emb_ndim': 256}
sudoku_attn: 1000 puzzles, batch 256, H=[3], nsup=[16], quants=['fp32', 'w8t', 'w8c', 'w8a', 'w6t', 'w6c', 'w6a', 'w5t', 'w5c', 'w5a', 'w4t', 'w4c', 'w4a', 'w4g128', 'w4g32', 'w3t', 'w3c', 'w3a', 'w3g32', 'w2t', 'w2c', 'w2a', 'w2g32']; 0 records already
  H=3 nsup=16 fp32       pexact   4.00 cell  68.48
  H=3 nsup=16 w8t        pexact   4.70 cell  68.60 fidH 0.9904 fidL 0.9903 (33s)
  H=3 nsup=16 w8c        pexact   4.40 cell  68.58 fidH 0.9943 fidL 0.9942 (33s)
  H=3 nsup=16 w8a        pexact   4.30 cell  68.50 fidH 0.9942 fidL 0.9940 (33s)
  H=3 nsup=16 w6t        pexact   4.80 cell  68.36 fidH 0.9829 fidL 0.9830 (33s)
  H=3 nsup=16 w6c        pexact   3.00 cell  68.41 fidH 0.9883 fidL 0.9884 (34s)
  H=3 nsup=16 w6a        pexact   4.20 cell  68.56 fidH 0.9897 fidL 0.9897 (34s)
  H=3 nsup=16 w5t        pexact   3.30 cell  67.48 fidH 0.9680 fidL 0.9677 (34s)
  H=3 nsup=16 w5c        pexact   4.10 cell  68.59 fidH 0.9825 fidL 0.9827 (33s)
  H=3 nsup=16 w5a        pexact   4.20 cell  68.47 fidH 0.9849 fidL 0.9850 (33s)
  H=3 nsup=16 w4t        pexact   1.70 cell  64.84 fidH 0.9202 fidL 0.9181 (33s)
  H=3 nsup=16 w4c        pexact   5.40 cell  68.09 fidH 0.9680 fidL 0.9676 (33s)
  H=3 nsup=16 w4a        pexact   2.10 cell  67.92 fidH 0.9726 fidL 0.9722 (33s)
  H=3 nsup=16 w4g128     pexact   4.50 cell  68.18 fidH 0.9728 fidL 0.9726 (33s)
  H=3 nsup=16 w4g32      pexact   3.40 cell  68.23 fidH 0.9737 fidL 0.9744 (33s)
  H=3 nsup=16 w3t        pexact   0.00 cell  27.67 fidH 0.2187 fidL 0.3705 (33s)
  H=3 nsup=16 w3c        pexact   0.80 cell  65.70 fidH 0.9272 fidL 0.9208 (32s)
  H=3 nsup=16 w3a        pexact   2.60 cell  66.48 fidH 0.9410 fidL 0.9399 (33s)
  H=3 nsup=16 w3g32      pexact   2.40 cell  66.90 fidH 0.9498 fidL 0.9487 (33s)
  H=3 nsup=16 w2t        pexact   0.00 cell   7.66 fidH 0.0323 fidL 0.1835 (33s)
  H=3 nsup=16 w2c        pexact   0.00 cell  39.96 fidH 0.1802 fidL 0.2576 (33s)
  H=3 nsup=16 w2a        pexact   0.00 cell  43.80 fidH 0.5359 fidL 0.6124 (33s)
  H=3 nsup=16 w2g32      pexact   0.00 cell  45.66 fidH 0.4476 fidL 0.5214 (33s)
wrote /home/ubuntu/breadth/results/variant_trm_sudoku_attn_w256_s0_19530.json 23 records
variant checkpoint /home/ubuntu/edgetrm_src/TinyRecursiveModels/checkpoints/Sudoku-extreme-1k-aug-1000-ACT-torch/trm_sudoku_attn_w256_s0/step_26040: arch {'H_cycles': 3, 'H_layers': 0, 'L_cycles': 6, 'L_layers': 2, 'expansion': 4, 'forward_dtype': 'bfloat16', 'halt_exploration_prob': 0.1, 'halt_max_steps': 16, 'hidden_size': 256, 'loss': {'loss_type': 'stablemax_cross_entropy', 'name': 'losses@ACTLossHead'}, 'mlp_t': False, 'name': 'recursive_reasoning.trm@TinyRecursiveReasoningModel_ACTV1', 'no_ACT_continue': True, 'num_heads': 4, 'pos_encodings': 'rope', 'puzzle_emb_len': 16, 'puzzle_emb_ndim': 256}
sudoku_attn: 1000 puzzles, batch 256, H=[3], nsup=[16], quants=['fp32', 'w8t', 'w8c', 'w8a', 'w6t', 'w6c', 'w6a', 'w5t', 'w5c', 'w5a', 'w4t', 'w4c', 'w4a', 'w4g128', 'w4g32', 'w3t', 'w3c', 'w3a', 'w3g32', 'w2t', 'w2c', 'w2a', 'w2g32']; 0 records already
  H=3 nsup=16 fp32       pexact  13.00 cell  70.42
  H=3 nsup=16 w8t        pexact  13.00 cell  70.40 fidH 0.9896 fidL 0.9843 (34s)
  H=3 nsup=16 w8c        pexact  13.20 cell  70.46 fidH 0.9953 fidL 0.9927 (33s)
  H=3 nsup=16 w8a        pexact  12.90 cell  70.42 fidH 0.9950 fidL 0.9921 (34s)
  H=3 nsup=16 w6t        pexact  12.40 cell  70.27 fidH 0.9757 fidL 0.9668 (33s)
  H=3 nsup=16 w6c        pexact  13.20 cell  70.39 fidH 0.9885 fidL 0.9833 (33s)
  H=3 nsup=16 w6a        pexact  12.80 cell  70.37 fidH 0.9876 fidL 0.9823 (33s)
  H=3 nsup=16 w5t        pexact  10.00 cell  69.23 fidH 0.9552 fidL 0.9395 (33s)
  H=3 nsup=16 w5c        pexact  12.00 cell  70.12 fidH 0.9809 fidL 0.9729 (33s)
  H=3 nsup=16 w5a        pexact  12.90 cell  70.48 fidH 0.9829 fidL 0.9763 (33s)
  H=3 nsup=16 w4t        pexact   2.30 cell  64.88 fidH 0.8955 fidL 0.8540 (33s)
  H=3 nsup=16 w4c        pexact   8.90 cell  69.22 fidH 0.9640 fidL 0.9490 (33s)
  H=3 nsup=16 w4a        pexact  11.60 cell  69.80 fidH 0.9700 fidL 0.9580 (33s)
  H=3 nsup=16 w4g128     pexact   9.90 cell  69.46 fidH 0.9664 fidL 0.9546 (33s)
  H=3 nsup=16 w4g32      pexact  12.10 cell  69.96 fidH 0.9748 fidL 0.9649 (32s)
  H=3 nsup=16 w3t        pexact   0.00 cell  34.44 fidH 0.2264 fidL 0.1733 (33s)
  H=3 nsup=16 w3c        pexact   1.60 cell  63.94 fidH 0.8626 fidL 0.8223 (32s)
  H=3 nsup=16 w3a        pexact   4.00 cell  66.73 fidH 0.9167 fidL 0.8831 (33s)
  H=3 nsup=16 w3g32      pexact   7.70 cell  67.94 fidH 0.9392 fidL 0.9138 (33s)
  H=3 nsup=16 w2t        pexact   0.00 cell   0.00 fidH 0.0084 fidL 0.1662 (33s)
  H=3 nsup=16 w2c        pexact   0.00 cell  31.26 fidH 0.1498 fidL 0.1543 (33s)
  H=3 nsup=16 w2a        pexact   0.00 cell  16.96 fidH 0.0649 fidL 0.2268 (33s)
  H=3 nsup=16 w2g32      pexact   0.00 cell  21.65 fidH 0.1429 fidL 0.2488 (33s)
wrote /home/ubuntu/breadth/results/variant_trm_sudoku_attn_w256_s0_26040.json 23 records
variant checkpoint /home/ubuntu/edgetrm_src/TinyRecursiveModels/checkpoints/Sudoku-extreme-1k-aug-1000-ACT-torch/trm_sudoku_attn_w512_s0/step_6510: arch {'H_cycles': 3, 'H_layers': 0, 'L_cycles': 6, 'L_layers': 2, 'expansion': 4, 'forward_dtype': 'bfloat16', 'halt_exploration_prob': 0.1, 'halt_max_steps': 16, 'hidden_size': 512, 'loss': {'loss_type': 'stablemax_cross_entropy', 'name': 'losses@ACTLossHead'}, 'mlp_t': False, 'name': 'recursive_reasoning.trm@TinyRecursiveReasoningModel_ACTV1', 'no_ACT_continue': True, 'num_heads': 8, 'pos_encodings': 'rope', 'puzzle_emb_len': 16, 'puzzle_emb_ndim': 512}
sudoku_attn: 1000 puzzles, batch 256, H=[3], nsup=[16], quants=['fp32', 'w8t', 'w8c', 'w8a', 'w6t', 'w6c', 'w6a', 'w5t', 'w5c', 'w5a', 'w4t', 'w4c', 'w4a', 'w4g128', 'w4g32', 'w3t', 'w3c', 'w3a', 'w3g32', 'w2t', 'w2c', 'w2a', 'w2g32']; 0 records already
  H=3 nsup=16 fp32       pexact   8.90 cell  69.29
  H=3 nsup=16 w8t        pexact   8.80 cell  69.23 fidH 0.9957 fidL 0.9942 (109s)
  H=3 nsup=16 w8c        pexact   8.90 cell  69.33 fidH 0.9962 fidL 0.9949 (109s)
  H=3 nsup=16 w8a        pexact   9.10 cell  69.29 fidH 0.9958 fidL 0.9943 (111s)
  H=3 nsup=16 w6t        pexact   8.90 cell  69.27 fidH 0.9903 fidL 0.9876 (110s)
  H=3 nsup=16 w6c        pexact   8.90 cell  69.21 fidH 0.9923 fidL 0.9899 (110s)
  H=3 nsup=16 w6a        pexact   8.80 cell  69.30 fidH 0.9907 fidL 0.9882 (111s)
  H=3 nsup=16 w5t        pexact   8.90 cell  69.00 fidH 0.9838 fidL 0.9799 (110s)
  H=3 nsup=16 w5c        pexact   8.00 cell  69.13 fidH 0.9878 fidL 0.9841 (110s)
  H=3 nsup=16 w5a        pexact   8.40 cell  69.14 fidH 0.9874 fidL 0.9846 (110s)
  H=3 nsup=16 w4t        pexact   7.00 cell  68.33 fidH 0.9678 fidL 0.9590 (111s)
  H=3 nsup=16 w4c        pexact   6.50 cell  68.86 fidH 0.9745 fidL 0.9669 (110s)
  H=3 nsup=16 w4a        pexact   8.70 cell  69.08 fidH 0.9803 fidL 0.9751 (111s)
  H=3 nsup=16 w4g128     pexact   7.40 cell  68.89 fidH 0.9781 fidL 0.9722 (109s)
  H=3 nsup=16 w4g32      pexact   7.50 cell  68.94 fidH 0.9791 fidL 0.9741 (110s)
  H=3 nsup=16 w3t        pexact   2.00 cell  64.65 fidH 0.8829 fidL 0.8540 (112s)
  H=3 nsup=16 w3c        pexact   2.70 cell  66.27 fidH 0.9231 fidL 0.9052 (112s)
  H=3 nsup=16 w3a        pexact   4.60 cell  67.60 fidH 0.9505 fidL 0.9360 (110s)
  H=3 nsup=16 w3g32      pexact   4.40 cell  67.68 fidH 0.9536 fidL 0.9395 (111s)
  H=3 nsup=16 w2t        pexact   0.00 cell  11.21 fidH 0.0096 fidL 0.0269 (111s)
  H=3 nsup=16 w2c        pexact   0.00 cell  17.91 fidH 0.1029 fidL 0.1783 (110s)
  H=3 nsup=16 w2a        pexact   0.00 cell  56.15 fidH 0.7134 fidL 0.7032 (110s)
  H=3 nsup=16 w2g32      pexact   0.00 cell  44.50 fidH 0.5232 fidL 0.5408 (112s)
wrote /home/ubuntu/breadth/results/variant_trm_sudoku_attn_w512_s0_6510.json 23 records
variant checkpoint /home/ubuntu/edgetrm_src/TinyRecursiveModels/checkpoints/Sudoku-extreme-1k-aug-1000-ACT-torch/trm_sudoku_attn_w512_s0/step_13020: arch {'H_cycles': 3, 'H_layers': 0, 'L_cycles': 6, 'L_layers': 2, 'expansion': 4, 'forward_dtype': 'bfloat16', 'halt_exploration_prob': 0.1, 'halt_max_steps': 16, 'hidden_size': 512, 'loss': {'loss_type': 'stablemax_cross_entropy', 'name': 'losses@ACTLossHead'}, 'mlp_t': False, 'name': 'recursive_reasoning.trm@TinyRecursiveReasoningModel_ACTV1', 'no_ACT_continue': True, 'num_heads': 8, 'pos_encodings': 'rope', 'puzzle_emb_len': 16, 'puzzle_emb_ndim': 512}
sudoku_attn: 1000 puzzles, batch 256, H=[3], nsup=[16], quants=['fp32', 'w8t', 'w8c', 'w8a', 'w6t', 'w6c', 'w6a', 'w5t', 'w5c', 'w5a', 'w4t', 'w4c', 'w4a', 'w4g128', 'w4g32', 'w3t', 'w3c', 'w3a', 'w3g32', 'w2t', 'w2c', 'w2a', 'w2g32']; 0 records already
  H=3 nsup=16 fp32       pexact  16.20 cell  73.34
  H=3 nsup=16 w8t        pexact  17.00 cell  73.42 fidH 0.9308 fidL 0.9071 (110s)
  H=3 nsup=16 w8c        pexact  16.40 cell  73.44 fidH 0.9314 fidL 0.9096 (110s)
  H=3 nsup=16 w8a        pexact  15.90 cell  73.28 fidH 0.9303 fidL 0.9088 (110s)
  H=3 nsup=16 w6t        pexact  17.20 cell  73.81 fidH 0.9296 fidL 0.9050 (110s)
  H=3 nsup=16 w6c        pexact  16.50 cell  73.38 fidH 0.9310 fidL 0.9074 (110s)
  H=3 nsup=16 w6a        pexact  17.60 cell  73.74 fidH 0.9278 fidL 0.9045 (110s)
  H=3 nsup=16 w5t        pexact  17.90 cell  73.88 fidH 0.9246 fidL 0.8965 (109s)
  H=3 nsup=16 w5c        pexact  17.80 cell  73.73 fidH 0.9295 fidL 0.9060 (111s)
  H=3 nsup=16 w5a        pexact  15.50 cell  72.97 fidH 0.9293 fidL 0.9057 (109s)
  H=3 nsup=16 w4t        pexact  13.60 cell  72.13 fidH 0.9082 fidL 0.8715 (110s)
  H=3 nsup=16 w4c        pexact  17.50 cell  73.56 fidH 0.9205 fidL 0.8901 (111s)
  H=3 nsup=16 w4a        pexact  15.40 cell  73.15 fidH 0.9200 fidL 0.8917 (111s)
  H=3 nsup=16 w4g128     pexact  14.40 cell  72.72 fidH 0.9236 fidL 0.8947 (111s)
  H=3 nsup=16 w4g32      pexact  16.40 cell  73.42 fidH 0.9257 fidL 0.8995 (111s)
  H=3 nsup=16 w3t        pexact  11.50 cell  69.27 fidH 0.8236 fidL 0.7304 (110s)
  H=3 nsup=16 w3c        pexact  14.80 cell  72.31 fidH 0.8954 fidL 0.8486 (110s)
  H=3 nsup=16 w3a        pexact  17.30 cell  73.64 fidH 0.9107 fidL 0.8698 (111s)
  H=3 nsup=16 w3g32      pexact  14.90 cell  72.52 fidH 0.9102 fidL 0.8734 (110s)
  H=3 nsup=16 w2t        pexact   0.00 cell   8.02 fidH -0.0125 fidL 0.1117 (112s)
  H=3 nsup=16 w2c        pexact   0.00 cell  36.55 fidH 0.1229 fidL 0.1948 (111s)
  H=3 nsup=16 w2a        pexact   5.40 cell  66.48 fidH 0.7929 fidL 0.6905 (111s)
  H=3 nsup=16 w2g32      pexact   1.00 cell  60.98 fidH 0.7083 fidL 0.6005 (112s)
wrote /home/ubuntu/breadth/results/variant_trm_sudoku_attn_w512_s0_13020.json 23 records
variant checkpoint /home/ubuntu/edgetrm_src/TinyRecursiveModels/checkpoints/Sudoku-extreme-1k-aug-1000-ACT-torch/trm_sudoku_mlp_w256_s0/step_6510: arch {'H_cycles': 3, 'H_layers': 0, 'L_cycles': 6, 'L_layers': 2, 'expansion': 4, 'forward_dtype': 'bfloat16', 'halt_exploration_prob': 0.1, 'halt_max_steps': 16, 'hidden_size': 256, 'loss': {'loss_type': 'stablemax_cross_entropy', 'name': 'losses@ACTLossHead'}, 'mlp_t': True, 'name': 'recursive_reasoning.trm@TinyRecursiveReasoningModel_ACTV1', 'no_ACT_continue': True, 'num_heads': 4, 'pos_encodings': 'none', 'puzzle_emb_len': 16, 'puzzle_emb_ndim': 256}
sudoku_mlp: 1000 puzzles, batch 256, H=[3], nsup=[16], quants=['fp32', 'w8t', 'w8c', 'w8a', 'w6t', 'w6c', 'w6a', 'w5t', 'w5c', 'w5a', 'w4t', 'w4c', 'w4a', 'w4g128', 'w4g32', 'w3t', 'w3c', 'w3a', 'w3g32', 'w2t', 'w2c', 'w2a', 'w2g32']; 0 records already
  H=3 nsup=16 fp32       pexact  12.30 cell  69.93
  H=3 nsup=16 w8t        pexact  12.60 cell  69.95 fidH 0.9988 fidL 0.9988 (39s)
  H=3 nsup=16 w8c        pexact  12.30 cell  69.89 fidH 0.9991 fidL 0.9991 (40s)
  H=3 nsup=16 w8a        pexact  12.50 cell  69.96 fidH 0.9992 fidL 0.9992 (40s)
  H=3 nsup=16 w6t        pexact  11.00 cell  69.70 fidH 0.9945 fidL 0.9952 (40s)
  H=3 nsup=16 w6c        pexact  12.00 cell  69.84 fidH 0.9955 fidL 0.9958 (39s)
  H=3 nsup=16 w6a        pexact  12.20 cell  69.91 fidH 0.9960 fidL 0.9964 (40s)
  H=3 nsup=16 w5t        pexact  11.10 cell  69.43 fidH 0.9861 fidL 0.9878 (40s)
  H=3 nsup=16 w5c        pexact  12.00 cell  69.81 fidH 0.9900 fidL 0.9912 (39s)
  H=3 nsup=16 w5a        pexact  11.40 cell  69.45 fidH 0.9917 fidL 0.9925 (38s)
  H=3 nsup=16 w4t        pexact   7.70 cell  67.84 fidH 0.9571 fidL 0.9623 (39s)
  H=3 nsup=16 w4c        pexact   9.50 cell  68.72 fidH 0.9757 fidL 0.9782 (39s)
  H=3 nsup=16 w4a        pexact   9.50 cell  68.66 fidH 0.9761 fidL 0.9790 (39s)
  H=3 nsup=16 w4g128     pexact  10.10 cell  68.77 fidH 0.9766 fidL 0.9804 (39s)
  H=3 nsup=16 w4g32      pexact  10.90 cell  69.09 fidH 0.9816 fidL 0.9840 (40s)
  H=3 nsup=16 w3t        pexact   2.00 cell  63.59 fidH 0.8349 fidL 0.8644 (39s)
  H=3 nsup=16 w3c        pexact   2.90 cell  65.32 fidH 0.8993 fidL 0.9199 (39s)
  H=3 nsup=16 w3a        pexact   4.60 cell  66.41 fidH 0.9324 fidL 0.9441 (39s)
  H=3 nsup=16 w3g32      pexact   5.40 cell  66.73 fidH 0.9384 fidL 0.9464 (39s)
  H=3 nsup=16 w2t        pexact   0.00 cell  11.21 fidH 0.0641 fidL 0.2483 (40s)
  H=3 nsup=16 w2c        pexact   0.00 cell  21.31 fidH 0.1869 fidL 0.4202 (40s)
  H=3 nsup=16 w2a        pexact   0.10 cell  54.50 fidH 0.6022 fidL 0.6983 (39s)
  H=3 nsup=16 w2g32      pexact   0.00 cell  40.29 fidH 0.4043 fidL 0.5820 (40s)
wrote /home/ubuntu/breadth/results/variant_trm_sudoku_mlp_w256_s0_6510.json 23 records
variant checkpoint /home/ubuntu/edgetrm_src/TinyRecursiveModels/checkpoints/Sudoku-extreme-1k-aug-1000-ACT-torch/trm_sudoku_mlp_w256_s0/step_13020: arch {'H_cycles': 3, 'H_layers': 0, 'L_cycles': 6, 'L_layers': 2, 'expansion': 4, 'forward_dtype': 'bfloat16', 'halt_exploration_prob': 0.1, 'halt_max_steps': 16, 'hidden_size': 256, 'loss': {'loss_type': 'stablemax_cross_entropy', 'name': 'losses@ACTLossHead'}, 'mlp_t': True, 'name': 'recursive_reasoning.trm@TinyRecursiveReasoningModel_ACTV1', 'no_ACT_continue': True, 'num_heads': 4, 'pos_encodings': 'none', 'puzzle_emb_len': 16, 'puzzle_emb_ndim': 256}
sudoku_mlp: 1000 puzzles, batch 256, H=[3], nsup=[16], quants=['fp32', 'w8t', 'w8c', 'w8a', 'w6t', 'w6c', 'w6a', 'w5t', 'w5c', 'w5a', 'w4t', 'w4c', 'w4a', 'w4g128', 'w4g32', 'w3t', 'w3c', 'w3a', 'w3g32', 'w2t', 'w2c', 'w2a', 'w2g32']; 0 records already
  H=3 nsup=16 fp32       pexact  24.30 cell  74.85
  H=3 nsup=16 w8t        pexact  24.00 cell  74.89 fidH 0.9912 fidL 0.9876 (39s)
  H=3 nsup=16 w8c        pexact  23.80 cell  74.64 fidH 0.9908 fidL 0.9870 (39s)
  H=3 nsup=16 w8a        pexact  24.10 cell  74.81 fidH 0.9921 fidL 0.9892 (37s)
  H=3 nsup=16 w6t        pexact  25.40 cell  75.10 fidH 0.9804 fidL 0.9733 (39s)
  H=3 nsup=16 w6c        pexact  22.90 cell  74.58 fidH 0.9855 fidL 0.9794 (39s)
  H=3 nsup=16 w6a        pexact  24.20 cell  74.96 fidH 0.9864 fidL 0.9808 (38s)
  H=3 nsup=16 w5t        pexact  20.20 cell  73.97 fidH 0.9633 fidL 0.9497 (39s)
  H=3 nsup=16 w5c        pexact  22.60 cell  74.48 fidH 0.9729 fidL 0.9622 (39s)
  H=3 nsup=16 w5a        pexact  23.60 cell  74.58 fidH 0.9762 fidL 0.9668 (39s)
  H=3 nsup=16 w4t        pexact  14.60 cell  71.44 fidH 0.9062 fidL 0.8794 (39s)
  H=3 nsup=16 w4c        pexact  18.70 cell  72.96 fidH 0.9557 fidL 0.9375 (38s)
  H=3 nsup=16 w4a        pexact  15.60 cell  72.50 fidH 0.9481 fidL 0.9316 (39s)
  H=3 nsup=16 w4g128     pexact  20.60 cell  73.58 fidH 0.9580 fidL 0.9415 (39s)
  H=3 nsup=16 w4g32      pexact  20.70 cell  73.98 fidH 0.9648 fidL 0.9515 (39s)
  H=3 nsup=16 w3t        pexact   1.20 cell  60.02 fidH 0.6308 fidL 0.5892 (39s)
  H=3 nsup=16 w3c        pexact   4.70 cell  65.46 fidH 0.8070 fidL 0.7689 (39s)
  H=3 nsup=16 w3a        pexact   8.50 cell  69.19 fidH 0.8835 fidL 0.8447 (39s)
  H=3 nsup=16 w3g32      pexact  13.30 cell  69.25 fidH 0.8871 fidL 0.8583 (39s)
  H=3 nsup=16 w2t        pexact   0.00 cell   5.26 fidH -0.0081 fidL 0.1583 (39s)
  H=3 nsup=16 w2c        pexact   0.00 cell  25.70 fidH 0.1730 fidL 0.2239 (39s)
  H=3 nsup=16 w2a        pexact   0.90 cell  57.95 fidH 0.5687 fidL 0.5377 (39s)
  H=3 nsup=16 w2g32      pexact   0.10 cell  49.71 fidH 0.4688 fidL 0.4731 (37s)
wrote /home/ubuntu/breadth/results/variant_trm_sudoku_mlp_w256_s0_13020.json 23 records
variant checkpoint /home/ubuntu/edgetrm_src/TinyRecursiveModels/checkpoints/Sudoku-extreme-1k-aug-1000-ACT-torch/trm_sudoku_mlp_w512_s0/step_6510: arch {'H_cycles': 3, 'H_layers': 0, 'L_cycles': 6, 'L_layers': 2, 'expansion': 4, 'forward_dtype': 'bfloat16', 'halt_exploration_prob': 0.1, 'halt_max_steps': 16, 'hidden_size': 512, 'loss': {'loss_type': 'stablemax_cross_entropy', 'name': 'losses@ACTLossHead'}, 'mlp_t': True, 'name': 'recursive_reasoning.trm@TinyRecursiveReasoningModel_ACTV1', 'no_ACT_continue': True, 'num_heads': 8, 'pos_encodings': 'none', 'puzzle_emb_len': 16, 'puzzle_emb_ndim': 512}
sudoku_mlp: 1000 puzzles, batch 256, H=[3], nsup=[16], quants=['fp32', 'w8t', 'w8c', 'w8a', 'w6t', 'w6c', 'w6a', 'w5t', 'w5c', 'w5a', 'w4t', 'w4c', 'w4a', 'w4g128', 'w4g32', 'w3t', 'w3c', 'w3a', 'w3g32', 'w2t', 'w2c', 'w2a', 'w2g32']; 0 records already
  H=3 nsup=16 fp32       pexact  18.90 cell  71.98
  H=3 nsup=16 w8t        pexact  19.00 cell  71.98 fidH 0.9981 fidL 0.9973 (104s)
  H=3 nsup=16 w8c        pexact  18.70 cell  71.90 fidH 0.9982 fidL 0.9974 (104s)
  H=3 nsup=16 w8a        pexact  19.10 cell  72.00 fidH 0.9981 fidL 0.9974 (103s)
  H=3 nsup=16 w6t        pexact  18.80 cell  71.93 fidH 0.9961 fidL 0.9948 (104s)
  H=3 nsup=16 w6c        pexact  18.90 cell  71.96 fidH 0.9966 fidL 0.9956 (103s)
  H=3 nsup=16 w6a        pexact  18.70 cell  71.89 fidH 0.9971 fidL 0.9960 (104s)
  H=3 nsup=16 w5t        pexact  17.40 cell  71.54 fidH 0.9909 fidL 0.9879 (103s)
  H=3 nsup=16 w5c        pexact  18.50 cell  71.74 fidH 0.9931 fidL 0.9911 (105s)
  H=3 nsup=16 w5a        pexact  18.40 cell  71.82 fidH 0.9926 fidL 0.9908 (104s)
  H=3 nsup=16 w4t        pexact  16.50 cell  70.91 fidH 0.9761 fidL 0.9669 (104s)
  H=3 nsup=16 w4c        pexact  17.50 cell  71.41 fidH 0.9839 fidL 0.9772 (104s)
  H=3 nsup=16 w4a        pexact  19.30 cell  72.03 fidH 0.9862 fidL 0.9814 (103s)
  H=3 nsup=16 w4g128     pexact  17.60 cell  71.43 fidH 0.9848 fidL 0.9793 (104s)
  H=3 nsup=16 w4g32      pexact  17.90 cell  71.65 fidH 0.9872 fidL 0.9833 (105s)
  H=3 nsup=16 w3t        pexact   5.80 cell  64.59 fidH 0.8562 fidL 0.8380 (104s)
  H=3 nsup=16 w3c        pexact   9.50 cell  67.73 fidH 0.9304 fidL 0.9158 (105s)
  H=3 nsup=16 w3a        pexact  12.20 cell  69.37 fidH 0.9494 fidL 0.9355 (104s)
  H=3 nsup=16 w3g32      pexact  11.80 cell  69.05 fidH 0.9519 fidL 0.9397 (105s)
  H=3 nsup=16 w2t        pexact   0.00 cell   6.30 fidH 0.0043 fidL 0.0828 (105s)
  H=3 nsup=16 w2c        pexact   0.00 cell  23.70 fidH 0.2435 fidL 0.4095 (106s)
  H=3 nsup=16 w2a        pexact   2.00 cell  59.28 fidH 0.6882 fidL 0.6884 (105s)
  H=3 nsup=16 w2g32      pexact   0.00 cell  47.08 fidH 0.5119 fidL 0.5882 (106s)
wrote /home/ubuntu/breadth/results/variant_trm_sudoku_mlp_w512_s0_6510.json 23 records
variant checkpoint /home/ubuntu/edgetrm_src/TinyRecursiveModels/checkpoints/Sudoku-extreme-1k-aug-1000-ACT-torch/trm_sudoku_mlp_w512_s1/step_6510: arch {'H_cycles': 3, 'H_layers': 0, 'L_cycles': 6, 'L_layers': 2, 'expansion': 4, 'forward_dtype': 'bfloat16', 'halt_exploration_prob': 0.1, 'halt_max_steps': 16, 'hidden_size': 512, 'loss': {'loss_type': 'stablemax_cross_entropy', 'name': 'losses@ACTLossHead'}, 'mlp_t': True, 'name': 'recursive_reasoning.trm@TinyRecursiveReasoningModel_ACTV1', 'no_ACT_continue': True, 'num_heads': 8, 'pos_encodings': 'none', 'puzzle_emb_len': 16, 'puzzle_emb_ndim': 512}
sudoku_mlp: 1000 puzzles, batch 256, H=[3], nsup=[16], quants=['fp32', 'w8t', 'w8c', 'w8a', 'w6t', 'w6c', 'w6a', 'w5t', 'w5c', 'w5a', 'w4t', 'w4c', 'w4a', 'w4g128', 'w4g32', 'w3t', 'w3c', 'w3a', 'w3g32', 'w2t', 'w2c', 'w2a', 'w2g32']; 0 records already
  H=3 nsup=16 fp32       pexact  18.60 cell  72.11
  H=3 nsup=16 w8t        pexact  18.60 cell  72.14 fidH 0.9990 fidL 0.9986 (98s)
  H=3 nsup=16 w8c        pexact  18.40 cell  72.09 fidH 0.9989 fidL 0.9985 (98s)
  H=3 nsup=16 w8a        pexact  18.40 cell  72.12 fidH 0.9992 fidL 0.9988 (98s)
  H=3 nsup=16 w6t        pexact  18.60 cell  72.04 fidH 0.9971 fidL 0.9962 (98s)
  H=3 nsup=16 w6c        pexact  18.30 cell  72.12 fidH 0.9977 fidL 0.9970 (98s)
  H=3 nsup=16 w6a        pexact  18.30 cell  72.05 fidH 0.9975 fidL 0.9969 (97s)
  H=3 nsup=16 w5t        pexact  17.00 cell  71.56 fidH 0.9905 fidL 0.9883 (98s)
  H=3 nsup=16 w5c        pexact  18.00 cell  71.93 fidH 0.9939 fidL 0.9926 (96s)
  H=3 nsup=16 w5a        pexact  18.60 cell  72.01 fidH 0.9950 fidL 0.9937 (98s)
  H=3 nsup=16 w4t        pexact  13.80 cell  70.36 fidH 0.9707 fidL 0.9628 (98s)
  H=3 nsup=16 w4c        pexact  17.50 cell  71.46 fidH 0.9831 fidL 0.9793 (98s)
  H=3 nsup=16 w4a        pexact  15.90 cell  71.52 fidH 0.9856 fidL 0.9822 (98s)
  H=3 nsup=16 w4g128     pexact  16.70 cell  71.43 fidH 0.9859 fidL 0.9824 (97s)
  H=3 nsup=16 w4g32      pexact  17.80 cell  71.61 fidH 0.9880 fidL 0.9852 (92s)
  H=3 nsup=16 w3t        pexact   4.80 cell  62.59 fidH 0.7924 fidL 0.7647 (97s)
  H=3 nsup=16 w3c        pexact   9.10 cell  67.68 fidH 0.9238 fidL 0.9113 (97s)
  H=3 nsup=16 w3a        pexact  11.60 cell  69.25 fidH 0.9540 fidL 0.9437 (95s)
  H=3 nsup=16 w3g32      pexact  12.00 cell  69.14 fidH 0.9534 fidL 0.9437 (95s)
  H=3 nsup=16 w2t        pexact   0.00 cell   5.70 fidH -0.0068 fidL 0.0517 (97s)
  H=3 nsup=16 w2c        pexact   0.00 cell  16.50 fidH 0.1668 fidL 0.3343 (97s)
  H=3 nsup=16 w2a        pexact   1.00 cell  57.37 fidH 0.6728 fidL 0.6742 (97s)
  H=3 nsup=16 w2g32      pexact   0.00 cell  39.91 fidH 0.4211 fidL 0.5064 (96s)
wrote /home/ubuntu/breadth/results/variant_trm_sudoku_mlp_w512_s1_6510.json 23 records
variant checkpoint /home/ubuntu/edgetrm_src/TinyRecursiveModels/checkpoints/Sudoku-extreme-1k-aug-1000-ACT-torch/trm_sudoku_mlp_w512_s1/step_13020: arch {'H_cycles': 3, 'H_layers': 0, 'L_cycles': 6, 'L_layers': 2, 'expansion': 4, 'forward_dtype': 'bfloat16', 'halt_exploration_prob': 0.1, 'halt_max_steps': 16, 'hidden_size': 512, 'loss': {'loss_type': 'stablemax_cross_entropy', 'name': 'losses@ACTLossHead'}, 'mlp_t': True, 'name': 'recursive_reasoning.trm@TinyRecursiveReasoningModel_ACTV1', 'no_ACT_continue': True, 'num_heads': 8, 'pos_encodings': 'none', 'puzzle_emb_len': 16, 'puzzle_emb_ndim': 512}
sudoku_mlp: 1000 puzzles, batch 256, H=[3], nsup=[16], quants=['fp32', 'w8t', 'w8c', 'w8a', 'w6t', 'w6c', 'w6a', 'w5t', 'w5c', 'w5a', 'w4t', 'w4c', 'w4a', 'w4g128', 'w4g32', 'w3t', 'w3c', 'w3a', 'w3g32', 'w2t', 'w2c', 'w2a', 'w2g32']; 0 records already
  H=3 nsup=16 fp32       pexact  55.10 cell  84.32
  H=3 nsup=16 w8t        pexact  54.70 cell  84.08 fidH 0.9810 fidL 0.9632 (106s)
  H=3 nsup=16 w8c        pexact  55.40 cell  84.35 fidH 0.9806 fidL 0.9637 (106s)
  H=3 nsup=16 w8a        pexact  55.50 cell  84.29 fidH 0.9805 fidL 0.9630 (106s)
  H=3 nsup=16 w6t        pexact  56.00 cell  84.48 fidH 0.9728 fidL 0.9510 (106s)
  H=3 nsup=16 w6c        pexact  54.20 cell  83.99 fidH 0.9767 fidL 0.9568 (105s)
  H=3 nsup=16 w6a        pexact  55.30 cell  84.14 fidH 0.9758 fidL 0.9556 (104s)
  H=3 nsup=16 w5t        pexact  55.10 cell  84.11 fidH 0.9611 fidL 0.9337 (105s)
  H=3 nsup=16 w5c        pexact  53.40 cell  83.69 fidH 0.9680 fidL 0.9433 (105s)
  H=3 nsup=16 w5a        pexact  53.70 cell  83.76 fidH 0.9670 fidL 0.9428 (104s)
  H=3 nsup=16 w4t        pexact  49.90 cell  82.15 fidH 0.9186 fidL 0.8736 (105s)
  H=3 nsup=16 w4c        pexact  54.60 cell  83.96 fidH 0.9493 fidL 0.9162 (106s)
  H=3 nsup=16 w4a        pexact  55.70 cell  84.30 fidH 0.9513 fidL 0.9196 (102s)
  H=3 nsup=16 w4g128     pexact  54.10 cell  83.90 fidH 0.9510 fidL 0.9192 (106s)
  H=3 nsup=16 w4g32      pexact  54.10 cell  83.76 fidH 0.9586 fidL 0.9297 (106s)
  H=3 nsup=16 w3t        pexact   6.40 cell  63.92 fidH 0.6365 fidL 0.5784 (106s)
  H=3 nsup=16 w3c        pexact  31.30 cell  75.41 fidH 0.8389 fidL 0.7739 (99s)
  H=3 nsup=16 w3a        pexact  42.20 cell  79.17 fidH 0.8913 fidL 0.8404 (94s)
  H=3 nsup=16 w3g32      pexact  44.40 cell  80.45 fidH 0.8929 fidL 0.8420 (106s)
  H=3 nsup=16 w2t        pexact   0.00 cell  10.70 fidH -0.0003 fidL 0.1187 (106s)
  H=3 nsup=16 w2c        pexact   0.00 cell  11.39 fidH 0.0757 fidL 0.1599 (106s)
  H=3 nsup=16 w2a        pexact   3.10 cell  59.19 fidH 0.5522 fidL 0.5230 (104s)
  H=3 nsup=16 w2g32      pexact   0.10 cell  52.83 fidH 0.4685 fidL 0.4657 (106s)
wrote /home/ubuntu/breadth/results/variant_trm_sudoku_mlp_w512_s1_13020.json 23 records
variant checkpoint /home/ubuntu/edgetrm_src/TinyRecursiveModels/checkpoints/Sudoku-extreme-1k-aug-1000-ACT-torch/trm_sudoku_mlp_w768_s0/step_6510: arch {'H_cycles': 3, 'H_layers': 0, 'L_cycles': 6, 'L_layers': 2, 'expansion': 4, 'forward_dtype': 'bfloat16', 'halt_exploration_prob': 0.1, 'halt_max_steps': 16, 'hidden_size': 768, 'loss': {'loss_type': 'stablemax_cross_entropy', 'name': 'losses@ACTLossHead'}, 'mlp_t': True, 'name': 'recursive_reasoning.trm@TinyRecursiveReasoningModel_ACTV1', 'no_ACT_continue': True, 'num_heads': 12, 'pos_encodings': 'none', 'puzzle_emb_len': 16, 'puzzle_emb_ndim': 768}
sudoku_mlp: 1000 puzzles, batch 256, H=[3], nsup=[16], quants=['fp32', 'w8t', 'w8c', 'w8a', 'w6t', 'w6c', 'w6a', 'w5t', 'w5c', 'w5a', 'w4t', 'w4c', 'w4a', 'w4g128', 'w4g32', 'w3t', 'w3c', 'w3a', 'w3g32', 'w2t', 'w2c', 'w2a', 'w2g32']; 0 records already
  H=3 nsup=16 fp32       pexact  25.00 cell  74.41
  H=3 nsup=16 w8t        pexact  24.90 cell  74.37 fidH 0.9976 fidL 0.9964 (180s)
  H=3 nsup=16 w8c        pexact  24.90 cell  74.41 fidH 0.9966 fidL 0.9954 (180s)
  H=3 nsup=16 w8a        pexact  25.00 cell  74.41 fidH 0.9979 fidL 0.9966 (179s)
  H=3 nsup=16 w6t        pexact  24.10 cell  74.14 fidH 0.9932 fidL 0.9895 (177s)
  H=3 nsup=16 w6c        pexact  24.40 cell  74.23 fidH 0.9949 fidL 0.9922 (178s)
  H=3 nsup=16 w6a        pexact  24.90 cell  74.42 fidH 0.9945 fidL 0.9925 (179s)
  H=3 nsup=16 w5t        pexact  24.50 cell  74.21 fidH 0.9872 fidL 0.9798 (179s)
  H=3 nsup=16 w5c        pexact  23.60 cell  74.06 fidH 0.9898 fidL 0.9839 (179s)
  H=3 nsup=16 w5a        pexact  23.70 cell  73.82 fidH 0.9906 fidL 0.9855 (179s)
  H=3 nsup=16 w4t        pexact  21.40 cell  72.28 fidH 0.9635 fidL 0.9438 (178s)
  H=3 nsup=16 w4c        pexact  22.60 cell  73.30 fidH 0.9779 fidL 0.9638 (179s)
  H=3 nsup=16 w4a        pexact  23.20 cell  73.74 fidH 0.9799 fidL 0.9684 (179s)
  H=3 nsup=16 w4g128     pexact  21.40 cell  73.10 fidH 0.9769 fidL 0.9643 (175s)
  H=3 nsup=16 w4g32      pexact  22.70 cell  73.57 fidH 0.9830 fidL 0.9722 (178s)
  H=3 nsup=16 w3t        pexact   8.70 cell  65.31 fidH 0.8315 fidL 0.7847 (179s)
  H=3 nsup=16 w3c        pexact  11.30 cell  68.53 fidH 0.9115 fidL 0.8798 (180s)
  H=3 nsup=16 w3a        pexact  15.90 cell  70.52 fidH 0.9375 fidL 0.9109 (180s)
  H=3 nsup=16 w3g32      pexact  14.10 cell  70.09 fidH 0.9376 fidL 0.9115 (178s)
  H=3 nsup=16 w2t        pexact   0.00 cell   7.08 fidH 0.0083 fidL 0.0639 (179s)
  H=3 nsup=16 w2c        pexact   0.00 cell  22.82 fidH 0.2163 fidL 0.3628 (177s)
  H=3 nsup=16 w2a        pexact   1.60 cell  59.11 fidH 0.6487 fidL 0.6351 (179s)
  H=3 nsup=16 w2g32      pexact   0.20 cell  53.34 fidH 0.5584 fidL 0.5750 (180s)
wrote /home/ubuntu/breadth/results/variant_trm_sudoku_mlp_w768_s0_6510.json 23 records
variant checkpoint /home/ubuntu/edgetrm_src/TinyRecursiveModels/checkpoints/Sudoku-extreme-1k-aug-1000-ACT-torch/trm_sudoku_attn_w256_s0/step_32550: arch {'H_cycles': 3, 'H_layers': 0, 'L_cycles': 6, 'L_layers': 2, 'expansion': 4, 'forward_dtype': 'bfloat16', 'halt_exploration_prob': 0.1, 'halt_max_steps': 16, 'hidden_size': 256, 'loss': {'loss_type': 'stablemax_cross_entropy', 'name': 'losses@ACTLossHead'}, 'mlp_t': False, 'name': 'recursive_reasoning.trm@TinyRecursiveReasoningModel_ACTV1', 'no_ACT_continue': True, 'num_heads': 4, 'pos_encodings': 'rope', 'puzzle_emb_len': 16, 'puzzle_emb_ndim': 256}
sudoku_attn: 1000 puzzles, batch 256, H=[3], nsup=[16], quants=['fp32', 'w8t', 'w8c', 'w8a', 'w6t', 'w6c', 'w6a', 'w5t', 'w5c', 'w5a', 'w4t', 'w4c', 'w4a', 'w4g128', 'w4g32', 'w3t', 'w3c', 'w3a', 'w3g32', 'w2t', 'w2c', 'w2a', 'w2g32']; 0 records already
  H=3 nsup=16 fp32       pexact  12.20 cell  71.01
  H=3 nsup=16 w8t        pexact  12.50 cell  71.10 fidH 0.9825 fidL 0.9723 (18s)
  H=3 nsup=16 w8c        pexact  12.80 cell  71.14 fidH 0.9851 fidL 0.9765 (18s)
  H=3 nsup=16 w8a        pexact  13.70 cell  71.35 fidH 0.9826 fidL 0.9735 (18s)
  H=3 nsup=16 w6t        pexact  12.80 cell  71.06 fidH 0.9695 fidL 0.9540 (16s)
  H=3 nsup=16 w6c        pexact  12.90 cell  70.89 fidH 0.9775 fidL 0.9665 (19s)
  H=3 nsup=16 w6a        pexact  12.40 cell  70.93 fidH 0.9791 fidL 0.9683 (18s)
  H=3 nsup=16 w5t        pexact  13.90 cell  70.62 fidH 0.9543 fidL 0.9313 (18s)
  H=3 nsup=16 w5c        pexact  14.50 cell  71.26 fidH 0.9696 fidL 0.9552 (17s)
  H=3 nsup=16 w5a        pexact  13.80 cell  71.27 fidH 0.9738 fidL 0.9599 (18s)
  H=3 nsup=16 w4t        pexact   7.00 cell  66.60 fidH 0.8750 fidL 0.8113 (18s)
  H=3 nsup=16 w4c        pexact  13.70 cell  70.54 fidH 0.9542 fidL 0.9291 (18s)
  H=3 nsup=16 w4a        pexact  12.10 cell  70.54 fidH 0.9573 fidL 0.9363 (18s)
  H=3 nsup=16 w4g128     pexact  14.60 cell  71.05 fidH 0.9626 fidL 0.9423 (19s)
  H=3 nsup=16 w4g32      pexact  12.90 cell  70.63 fidH 0.9678 fidL 0.9518 (19s)
  H=3 nsup=16 w3t        pexact   0.00 cell  34.41 fidH 0.2309 fidL 0.1745 (19s)
  H=3 nsup=16 w3c        pexact   1.90 cell  60.35 fidH 0.7859 fidL 0.6974 (19s)
  H=3 nsup=16 w3a        pexact   5.60 cell  66.76 fidH 0.8856 fidL 0.8226 (18s)
  H=3 nsup=16 w3g32      pexact   8.70 cell  68.99 fidH 0.9233 fidL 0.8804 (18s)
  H=3 nsup=16 w2t        pexact   0.00 cell   0.00 fidH 0.0303 fidL 0.2773 (19s)
  H=3 nsup=16 w2c        pexact   0.00 cell   8.97 fidH 0.0254 fidL 0.1512 (18s)
  H=3 nsup=16 w2a        pexact   0.00 cell  16.54 fidH 0.0665 fidL 0.1765 (19s)
  H=3 nsup=16 w2g32      pexact   0.00 cell  16.77 fidH 0.0968 fidL 0.2286 (18s)
wrote /home/ubuntu/breadth/results/variant_trm_sudoku_attn_w256_s0_32550.json 23 records
variant checkpoint /home/ubuntu/edgetrm_src/TinyRecursiveModels/checkpoints/Sudoku-extreme-1k-aug-1000-ACT-torch/trm_sudoku_attn_w256_s0/step_39060: arch {'H_cycles': 3, 'H_layers': 0, 'L_cycles': 6, 'L_layers': 2, 'expansion': 4, 'forward_dtype': 'bfloat16', 'halt_exploration_prob': 0.1, 'halt_max_steps': 16, 'hidden_size': 256, 'loss': {'loss_type': 'stablemax_cross_entropy', 'name': 'losses@ACTLossHead'}, 'mlp_t': False, 'name': 'recursive_reasoning.trm@TinyRecursiveReasoningModel_ACTV1', 'no_ACT_continue': True, 'num_heads': 4, 'pos_encodings': 'rope', 'puzzle_emb_len': 16, 'puzzle_emb_ndim': 256}
sudoku_attn: 1000 puzzles, batch 256, H=[3], nsup=[16], quants=['fp32', 'w8t', 'w8c', 'w8a', 'w6t', 'w6c', 'w6a', 'w5t', 'w5c', 'w5a', 'w4t', 'w4c', 'w4a', 'w4g128', 'w4g32', 'w3t', 'w3c', 'w3a', 'w3g32', 'w2t', 'w2c', 'w2a', 'w2g32']; 0 records already
  H=3 nsup=16 fp32       pexact   0.50 cell  66.86
  H=3 nsup=16 w8t        pexact   1.90 cell  66.93 fidH 0.9760 fidL 0.9652 (19s)
  H=3 nsup=16 w8c        pexact   1.20 cell  66.86 fidH 0.9794 fidL 0.9698 (18s)
  H=3 nsup=16 w8a        pexact   1.00 cell  66.82 fidH 0.9808 fidL 0.9714 (16s)
  H=3 nsup=16 w6t        pexact   1.20 cell  66.82 fidH 0.9625 fidL 0.9475 (18s)
  H=3 nsup=16 w6c        pexact   1.30 cell  66.90 fidH 0.9692 fidL 0.9568 (17s)
  H=3 nsup=16 w6a        pexact   0.70 cell  66.52 fidH 0.9728 fidL 0.9617 (19s)
  H=3 nsup=16 w5t        pexact   0.80 cell  66.21 fidH 0.9453 fidL 0.9207 (17s)
  H=3 nsup=16 w5c        pexact   1.00 cell  66.83 fidH 0.9614 fidL 0.9459 (16s)
  H=3 nsup=16 w5a        pexact   1.00 cell  67.38 fidH 0.9581 fidL 0.9398 (18s)
  H=3 nsup=16 w4t        pexact   0.70 cell  61.66 fidH 0.8443 fidL 0.7517 (18s)
  H=3 nsup=16 w4c        pexact   1.10 cell  66.53 fidH 0.9432 fidL 0.9120 (17s)
  H=3 nsup=16 w4a        pexact   0.50 cell  66.49 fidH 0.9482 fidL 0.9252 (18s)
  H=3 nsup=16 w4g128     pexact   0.70 cell  66.10 fidH 0.9500 fidL 0.9292 (18s)
  H=3 nsup=16 w4g32      pexact   0.90 cell  66.02 fidH 0.9482 fidL 0.9295 (18s)
  H=3 nsup=16 w3t        pexact   0.00 cell  31.22 fidH 0.1698 fidL 0.1366 (17s)
  H=3 nsup=16 w3c        pexact   0.00 cell  52.40 fidH 0.6130 fidL 0.5214 (18s)
  H=3 nsup=16 w3a        pexact   0.30 cell  63.32 fidH 0.8766 fidL 0.8057 (18s)
  H=3 nsup=16 w3g32      pexact   0.70 cell  65.51 fidH 0.9077 fidL 0.8611 (18s)
  H=3 nsup=16 w2t        pexact   0.00 cell   7.71 fidH -0.0071 fidL 0.2717 (18s)
  H=3 nsup=16 w2c        pexact   0.00 cell  22.09 fidH 0.0394 fidL 0.1639 (18s)
  H=3 nsup=16 w2a        pexact   0.00 cell  14.94 fidH 0.0294 fidL 0.1302 (18s)
  H=3 nsup=16 w2g32      pexact   0.00 cell  15.64 fidH 0.0952 fidL 0.1696 (18s)
wrote /home/ubuntu/breadth/results/variant_trm_sudoku_attn_w256_s0_39060.json 23 records
variant checkpoint /home/ubuntu/edgetrm_src/TinyRecursiveModels/checkpoints/Sudoku-extreme-1k-aug-1000-ACT-torch/trm_sudoku_attn_w256_s0/step_45570: arch {'H_cycles': 3, 'H_layers': 0, 'L_cycles': 6, 'L_layers': 2, 'expansion': 4, 'forward_dtype': 'bfloat16', 'halt_exploration_prob': 0.1, 'halt_max_steps': 16, 'hidden_size': 256, 'loss': {'loss_type': 'stablemax_cross_entropy', 'name': 'losses@ACTLossHead'}, 'mlp_t': False, 'name': 'recursive_reasoning.trm@TinyRecursiveReasoningModel_ACTV1', 'no_ACT_continue': True, 'num_heads': 4, 'pos_encodings': 'rope', 'puzzle_emb_len': 16, 'puzzle_emb_ndim': 256}
sudoku_attn: 1000 puzzles, batch 256, H=[3], nsup=[16], quants=['fp32', 'w8t', 'w8c', 'w8a', 'w6t', 'w6c', 'w6a', 'w5t', 'w5c', 'w5a', 'w4t', 'w4c', 'w4a', 'w4g128', 'w4g32', 'w3t', 'w3c', 'w3a', 'w3g32', 'w2t', 'w2c', 'w2a', 'w2g32']; 0 records already
  H=3 nsup=16 fp32       pexact   3.80 cell  68.86
  H=3 nsup=16 w8t        pexact   4.20 cell  69.03 fidH 0.9679 fidL 0.9532 (15s)
  H=3 nsup=16 w8c        pexact   3.40 cell  68.62 fidH 0.9735 fidL 0.9598 (18s)
  H=3 nsup=16 w8a        pexact   4.30 cell  68.94 fidH 0.9742 fidL 0.9615 (19s)
  H=3 nsup=16 w6t        pexact   2.90 cell  67.91 fidH 0.9560 fidL 0.9368 (18s)
  H=3 nsup=16 w6c        pexact   2.90 cell  68.09 fidH 0.9632 fidL 0.9478 (16s)
  H=3 nsup=16 w6a        pexact   2.20 cell  68.18 fidH 0.9645 fidL 0.9490 (18s)
  H=3 nsup=16 w5t        pexact   2.60 cell  67.02 fidH 0.9320 fidL 0.8977 (18s)
  H=3 nsup=16 w5c        pexact   2.00 cell  67.98 fidH 0.9500 fidL 0.9293 (18s)
  H=3 nsup=16 w5a        pexact   2.10 cell  67.73 fidH 0.9547 fidL 0.9370 (18s)
  H=3 nsup=16 w4t        pexact   0.80 cell  64.46 fidH 0.8610 fidL 0.7796 (18s)
  H=3 nsup=16 w4c        pexact   1.70 cell  66.67 fidH 0.9329 fidL 0.8960 (19s)
  H=3 nsup=16 w4a        pexact   4.00 cell  68.91 fidH 0.9385 fidL 0.9035 (17s)
variant checkpoint /home/ubuntu/edgetrm_src/TinyRecursiveModels/checkpoints/Sudoku-extreme-1k-aug-1000-ACT-torch/trm_sudoku_attn_w256_s0/step_45570: arch {'H_cycles': 3, 'H_layers': 0, 'L_cycles': 6, 'L_layers': 2, 'expansion': 4, 'forward_dtype': 'bfloat16', 'halt_exploration_prob': 0.1, 'halt_max_steps': 16, 'hidden_size': 256, 'loss': {'loss_type': 'stablemax_cross_entropy', 'name': 'losses@ACTLossHead'}, 'mlp_t': False, 'name': 'recursive_reasoning.trm@TinyRecursiveReasoningModel_ACTV1', 'no_ACT_continue': True, 'num_heads': 4, 'pos_encodings': 'rope', 'puzzle_emb_len': 16, 'puzzle_emb_ndim': 256}
sudoku_attn: 1000 puzzles, batch 256, H=[3], nsup=[16], quants=['fp32', 'w8t', 'w8c', 'w8a', 'w6t', 'w6c', 'w6a', 'w5t', 'w5c', 'w5a', 'w4t', 'w4c', 'w4a', 'w4g128', 'w4g32', 'w3t', 'w3c', 'w3a', 'w3g32', 'w2t', 'w2c', 'w2a', 'w2g32']; 13 records already
  H=3 nsup=16 w4g128     pexact   0.80 cell  66.76 fidH 0.9385 fidL 0.9111 (25s)
  H=3 nsup=16 w4g32      pexact   2.70 cell  68.02 fidH 0.9406 fidL 0.9134 (37s)
  H=3 nsup=16 w4g128     pexact   0.80 cell  66.76 fidH 0.9385 fidL 0.9111 (52s)
  H=3 nsup=16 w3t        pexact   0.00 cell  23.00 fidH 0.1065 fidL 0.1436 (52s)
  H=3 nsup=16 w4g32      pexact   2.70 cell  68.02 fidH 0.9406 fidL 0.9134 (61s)
  H=3 nsup=16 w3c        pexact   0.00 cell  52.52 fidH 0.6179 fidL 0.5030 (56s)
  H=3 nsup=16 w3t        pexact   0.00 cell  23.00 fidH 0.1065 fidL 0.1436 (52s)
  H=3 nsup=16 w3a        pexact   0.30 cell  61.01 fidH 0.8077 fidL 0.7237 (45s)
  H=3 nsup=16 w3c        pexact   0.00 cell  52.52 fidH 0.6179 fidL 0.5030 (48s)
  H=3 nsup=16 w3g32      pexact   7.10 cell  68.38 fidH 0.9023 fidL 0.8453 (45s)
  H=3 nsup=16 w3a        pexact   0.30 cell  61.01 fidH 0.8077 fidL 0.7237 (48s)
  H=3 nsup=16 w2t        pexact   0.00 cell   7.59 fidH -0.0110 fidL 0.2524 (45s)
  H=3 nsup=16 w3g32      pexact   7.10 cell  68.38 fidH 0.9023 fidL 0.8453 (48s)
  H=3 nsup=16 w2c        pexact   0.00 cell  21.72 fidH 0.0652 fidL 0.1784 (46s)
  H=3 nsup=16 w2a        pexact   0.00 cell  15.77 fidH 0.0314 fidL 0.0892 (46s)
  H=3 nsup=16 w2t        pexact   0.00 cell   7.59 fidH -0.0110 fidL 0.2524 (50s)
  H=3 nsup=16 w2g32      pexact   0.00 cell  20.91 fidH 0.1293 fidL 0.1697 (45s)
wrote /home/ubuntu/breadth/results/variant_trm_sudoku_attn_w256_s0_45570.json 23 records
  H=3 nsup=16 w2c        pexact   0.00 cell  21.72 fidH 0.0652 fidL 0.1784 (47s)
  H=3 nsup=16 w2a        pexact   0.00 cell  15.77 fidH 0.0314 fidL 0.0892 (36s)
  H=3 nsup=16 w2g32      pexact   0.00 cell  20.91 fidH 0.1293 fidL 0.1697 (36s)
wrote /home/ubuntu/breadth/results/variant_trm_sudoku_attn_w256_s0_45570.json 23 records
variant checkpoint /home/ubuntu/edgetrm_src/TinyRecursiveModels/checkpoints/Sudoku-extreme-1k-aug-1000-ACT-torch/trm_sudoku_attn_w256_s0/step_52080: arch {'H_cycles': 3, 'H_layers': 0, 'L_cycles': 6, 'L_layers': 2, 'expansion': 4, 'forward_dtype': 'bfloat16', 'halt_exploration_prob': 0.1, 'halt_max_steps': 16, 'hidden_size': 256, 'loss': {'loss_type': 'stablemax_cross_entropy', 'name': 'losses@ACTLossHead'}, 'mlp_t': False, 'name': 'recursive_reasoning.trm@TinyRecursiveReasoningModel_ACTV1', 'no_ACT_continue': True, 'num_heads': 4, 'pos_encodings': 'rope', 'puzzle_emb_len': 16, 'puzzle_emb_ndim': 256}
sudoku_attn: 1000 puzzles, batch 256, H=[3], nsup=[16], quants=['fp32', 'w8t', 'w8c', 'w8a', 'w6t', 'w6c', 'w6a', 'w5t', 'w5c', 'w5a', 'w4t', 'w4c', 'w4a', 'w4g128', 'w4g32', 'w3t', 'w3c', 'w3a', 'w3g32', 'w2t', 'w2c', 'w2a', 'w2g32']; 0 records already
  H=3 nsup=16 fp32       pexact   2.30 cell  67.08
  H=3 nsup=16 w8t        pexact   2.00 cell  66.92 fidH 0.9735 fidL 0.9626 (33s)
  H=3 nsup=16 w8c        pexact   1.60 cell  67.04 fidH 0.9774 fidL 0.9669 (33s)
  H=3 nsup=16 w8a        pexact   1.80 cell  66.88 fidH 0.9774 fidL 0.9676 (33s)
  H=3 nsup=16 w6t        pexact   1.90 cell  67.21 fidH 0.9547 fidL 0.9375 (32s)
  H=3 nsup=16 w6c        pexact   1.60 cell  67.07 fidH 0.9639 fidL 0.9497 (33s)
  H=3 nsup=16 w6a        pexact   1.50 cell  66.85 fidH 0.9677 fidL 0.9546 (33s)
  H=3 nsup=16 w5t        pexact   1.70 cell  66.71 fidH 0.9357 fidL 0.9028 (32s)
  H=3 nsup=16 w5c        pexact   0.60 cell  66.24 fidH 0.9567 fidL 0.9395 (32s)
  H=3 nsup=16 w5a        pexact   1.50 cell  66.86 fidH 0.9590 fidL 0.9428 (33s)
  H=3 nsup=16 w4t        pexact   0.00 cell  58.01 fidH 0.7934 fidL 0.7260 (33s)
  H=3 nsup=16 w4c        pexact   2.90 cell  67.00 fidH 0.9353 fidL 0.8969 (32s)
  H=3 nsup=16 w4a        pexact   1.70 cell  66.51 fidH 0.9425 fidL 0.9133 (33s)
  H=3 nsup=16 w4g128     pexact   1.80 cell  65.94 fidH 0.9388 fidL 0.9097 (33s)
  H=3 nsup=16 w4g32      pexact   2.10 cell  66.94 fidH 0.9474 fidL 0.9222 (30s)
  H=3 nsup=16 w3t        pexact   0.00 cell  28.45 fidH 0.1499 fidL 0.0958 (33s)
  H=3 nsup=16 w3c        pexact   0.00 cell  42.59 fidH 0.4937 fidL 0.4098 (33s)
  H=3 nsup=16 w3a        pexact   0.00 cell  60.47 fidH 0.8028 fidL 0.7147 (33s)
  H=3 nsup=16 w3g32      pexact   0.90 cell  65.16 fidH 0.8964 fidL 0.8350 (33s)
  H=3 nsup=16 w2t        pexact   0.00 cell   7.62 fidH -0.0234 fidL 0.2717 (33s)
  H=3 nsup=16 w2c        pexact   0.00 cell   9.39 fidH 0.0157 fidL 0.1158 (33s)
  H=3 nsup=16 w2a        pexact   0.00 cell  20.79 fidH 0.0391 fidL 0.0952 (33s)
  H=3 nsup=16 w2g32      pexact   0.00 cell  30.13 fidH 0.2469 fidL 0.1851 (33s)
wrote /home/ubuntu/breadth/results/variant_trm_sudoku_attn_w256_s0_52080.json 23 records
variant checkpoint /home/ubuntu/edgetrm_src/TinyRecursiveModels/checkpoints/Sudoku-extreme-1k-aug-1000-ACT-torch/trm_sudoku_attn_w256_s0/step_58590: arch {'H_cycles': 3, 'H_layers': 0, 'L_cycles': 6, 'L_layers': 2, 'expansion': 4, 'forward_dtype': 'bfloat16', 'halt_exploration_prob': 0.1, 'halt_max_steps': 16, 'hidden_size': 256, 'loss': {'loss_type': 'stablemax_cross_entropy', 'name': 'losses@ACTLossHead'}, 'mlp_t': False, 'name': 'recursive_reasoning.trm@TinyRecursiveReasoningModel_ACTV1', 'no_ACT_continue': True, 'num_heads': 4, 'pos_encodings': 'rope', 'puzzle_emb_len': 16, 'puzzle_emb_ndim': 256}
sudoku_attn: 1000 puzzles, batch 256, H=[3], nsup=[16], quants=['fp32', 'w8t', 'w8c', 'w8a', 'w6t', 'w6c', 'w6a', 'w5t', 'w5c', 'w5a', 'w4t', 'w4c', 'w4a', 'w4g128', 'w4g32', 'w3t', 'w3c', 'w3a', 'w3g32', 'w2t', 'w2c', 'w2a', 'w2g32']; 0 records already
  H=3 nsup=16 fp32       pexact   7.40 cell  71.19
  H=3 nsup=16 w8t        pexact   6.50 cell  70.83 fidH 0.9745 fidL 0.9582 (36s)
  H=3 nsup=16 w8c        pexact   9.00 cell  71.32 fidH 0.9802 fidL 0.9668 (36s)
  H=3 nsup=16 w8a        pexact   7.70 cell  71.19 fidH 0.9800 fidL 0.9667 (36s)
  H=3 nsup=16 w6t        pexact   5.20 cell  70.69 fidH 0.9526 fidL 0.9233 (36s)
  H=3 nsup=16 w6c        pexact   7.60 cell  71.28 fidH 0.9734 fidL 0.9554 (36s)
  H=3 nsup=16 w6a        pexact   6.70 cell  70.75 fidH 0.9702 fidL 0.9515 (36s)
  H=3 nsup=16 w5t        pexact   3.70 cell  69.21 fidH 0.9414 fidL 0.9001 (36s)
  H=3 nsup=16 w5c        pexact   3.30 cell  69.77 fidH 0.9552 fidL 0.9275 (36s)
  H=3 nsup=16 w5a        pexact   9.90 cell  71.42 fidH 0.9629 fidL 0.9396 (36s)
  H=3 nsup=16 w4t        pexact   0.00 cell  52.13 fidH 0.6285 fidL 0.5390 (37s)
  H=3 nsup=16 w4c        pexact   6.80 cell  70.21 fidH 0.9380 fidL 0.8897 (36s)
  H=3 nsup=16 w4a        pexact   7.00 cell  70.30 fidH 0.9486 fidL 0.9076 (36s)
  H=3 nsup=16 w4g128     pexact   6.80 cell  70.23 fidH 0.9483 fidL 0.9098 (36s)
  H=3 nsup=16 w4g32      pexact   8.00 cell  71.24 fidH 0.9533 fidL 0.9197 (36s)
  H=3 nsup=16 w3t        pexact   0.00 cell  11.11 fidH 0.0670 fidL -0.1503 (36s)
  H=3 nsup=16 w3c        pexact   0.00 cell  16.60 fidH 0.0840 fidL 0.1976 (36s)
  H=3 nsup=16 w3a        pexact   0.00 cell  55.28 fidH 0.7060 fidL 0.5880 (35s)
  H=3 nsup=16 w3g32      pexact   1.60 cell  65.10 fidH 0.8461 fidL 0.7523 (36s)
  H=3 nsup=16 w2t        pexact   0.00 cell   7.77 fidH -0.0237 fidL 0.2665 (36s)
  H=3 nsup=16 w2c        pexact   0.00 cell   6.70 fidH -0.0163 fidL 0.1400 (36s)
  H=3 nsup=16 w2a        pexact   0.00 cell  26.46 fidH 0.0818 fidL 0.0829 (36s)
  H=3 nsup=16 w2g32      pexact   0.00 cell   9.20 fidH -0.0060 fidL 0.1510 (37s)
wrote /home/ubuntu/breadth/results/variant_trm_sudoku_attn_w256_s0_58590.json 23 records
variant checkpoint /home/ubuntu/edgetrm_src/TinyRecursiveModels/checkpoints/Sudoku-extreme-1k-aug-1000-ACT-torch/trm_sudoku_attn_w256_s0/step_65100: arch {'H_cycles': 3, 'H_layers': 0, 'L_cycles': 6, 'L_layers': 2, 'expansion': 4, 'forward_dtype': 'bfloat16', 'halt_exploration_prob': 0.1, 'halt_max_steps': 16, 'hidden_size': 256, 'loss': {'loss_type': 'stablemax_cross_entropy', 'name': 'losses@ACTLossHead'}, 'mlp_t': False, 'name': 'recursive_reasoning.trm@TinyRecursiveReasoningModel_ACTV1', 'no_ACT_continue': True, 'num_heads': 4, 'pos_encodings': 'rope', 'puzzle_emb_len': 16, 'puzzle_emb_ndim': 256}
sudoku_attn: 1000 puzzles, batch 256, H=[1, 2, 3, 4], nsup=[1, 2, 4, 8, 16], quants=['fp32', 'w8t', 'w8c', 'w8a', 'w6t', 'w6c', 'w6a', 'w5t', 'w5c', 'w5a', 'w4t', 'w4c', 'w4a', 'w4g128', 'w4g32', 'w3t', 'w3c', 'w3a', 'w3g32', 'w2t', 'w2c', 'w2a', 'w2g32']; 0 records already
  H=1 nsup=1 fp32       pexact   0.00 cell  40.29
  H=1 nsup=1 w8t        pexact   0.00 cell  40.32 fidH 0.9999 fidL 0.9999 (2s)
  H=1 nsup=1 w8c        pexact   0.00 cell  40.26 fidH 1.0000 fidL 1.0000 (2s)
  H=1 nsup=1 w8a        pexact   0.00 cell  40.21 fidH 1.0000 fidL 1.0000 (2s)
  H=1 nsup=1 w6t        pexact   0.00 cell  39.61 fidH 0.9973 fidL 0.9979 (2s)
  H=1 nsup=1 w6c        pexact   0.00 cell  40.41 fidH 0.9993 fidL 0.9993 (2s)
  H=1 nsup=1 w6a        pexact   0.00 cell  40.51 fidH 0.9994 fidL 0.9995 (2s)
  H=1 nsup=1 w5t        pexact   0.00 cell  39.34 fidH 0.9885 fidL 0.9882 (2s)
  H=1 nsup=1 w5c        pexact   0.00 cell  39.63 fidH 0.9971 fidL 0.9967 (2s)
  H=1 nsup=1 w5a        pexact   0.00 cell  39.73 fidH 0.9971 fidL 0.9969 (2s)
  H=1 nsup=1 w4t        pexact   0.00 cell  37.91 fidH 0.9226 fidL 0.9319 (2s)
  H=1 nsup=1 w4c        pexact   0.00 cell  39.33 fidH 0.9851 fidL 0.9893 (2s)
  H=1 nsup=1 w4a        pexact   0.00 cell  39.67 fidH 0.9907 fidL 0.9879 (2s)
  H=1 nsup=1 w4g128     pexact   0.00 cell  38.51 fidH 0.9885 fidL 0.9929 (2s)
  H=1 nsup=1 w4g32      pexact   0.00 cell  39.70 fidH 0.9952 fidL 0.9940 (2s)
  H=1 nsup=1 w3t        pexact   0.00 cell  11.11 fidH 0.2869 fidL 0.2415 (2s)
  H=1 nsup=1 w3c        pexact   0.00 cell  38.95 fidH 0.8762 fidL 0.8370 (2s)
  H=1 nsup=1 w3a        pexact   0.00 cell  40.00 fidH 0.9269 fidL 0.9119 (2s)
  H=1 nsup=1 w3g32      pexact   0.00 cell  36.79 fidH 0.9409 fidL 0.9371 (2s)
  H=1 nsup=1 w2t        pexact   0.00 cell   0.00 fidH 0.1960 fidL 0.2530 (2s)
  H=1 nsup=1 w2c        pexact   0.00 cell  11.11 fidH 0.2865 fidL 0.3726 (2s)
  H=1 nsup=1 w2a        pexact   0.00 cell  27.60 fidH 0.5696 fidL 0.5644 (2s)
  H=1 nsup=1 w2g32      pexact   0.00 cell  32.79 fidH 0.5960 fidL 0.6140 (2s)
  H=1 nsup=2 fp32       pexact   0.00 cell  47.00
  H=1 nsup=2 w8t        pexact   0.00 cell  46.96 fidH 0.9998 fidL 0.9997 (3s)
  H=1 nsup=2 w8c        pexact   0.00 cell  46.99 fidH 0.9999 fidL 0.9999 (3s)
  H=1 nsup=2 w8a        pexact   0.00 cell  47.04 fidH 0.9999 fidL 0.9999 (3s)
  H=1 nsup=2 w6t        pexact   0.00 cell  46.74 fidH 0.9952 fidL 0.9940 (3s)
  H=1 nsup=2 w6c        pexact   0.00 cell  46.83 fidH 0.9989 fidL 0.9984 (3s)
  H=1 nsup=2 w6a        pexact   0.00 cell  47.08 fidH 0.9991 fidL 0.9989 (3s)
  H=1 nsup=2 w5t        pexact   0.00 cell  46.96 fidH 0.9836 fidL 0.9790 (3s)
  H=1 nsup=2 w5c        pexact   0.00 cell  46.80 fidH 0.9952 fidL 0.9941 (3s)
  H=1 nsup=2 w5a        pexact   0.00 cell  46.38 fidH 0.9945 fidL 0.9928 (3s)
  H=1 nsup=2 w4t        pexact   0.00 cell  46.47 fidH 0.8853 fidL 0.8583 (3s)
  H=1 nsup=2 w4c        pexact   0.00 cell  46.58 fidH 0.9771 fidL 0.9693 (3s)
  H=1 nsup=2 w4a        pexact   0.00 cell  47.25 fidH 0.9856 fidL 0.9809 (3s)
  H=1 nsup=2 w4g128     pexact   0.00 cell  46.89 fidH 0.9846 fidL 0.9791 (3s)
  H=1 nsup=2 w4g32      pexact   0.00 cell  46.71 fidH 0.9907 fidL 0.9868 (3s)
  H=1 nsup=2 w3t        pexact   0.00 cell  11.11 fidH 0.0227 fidL -0.0263 (3s)
  H=1 nsup=2 w3c        pexact   0.00 cell  45.63 fidH 0.7295 fidL 0.6459 (3s)
  H=1 nsup=2 w3a        pexact   0.00 cell  48.04 fidH 0.8976 fidL 0.8392 (3s)
  H=1 nsup=2 w3g32      pexact   0.00 cell  47.87 fidH 0.9333 fidL 0.8989 (3s)
  H=1 nsup=2 w2t        pexact   0.00 cell   0.00 fidH 0.0351 fidL 0.1255 (3s)
  H=1 nsup=2 w2c        pexact   0.00 cell  14.56 fidH 0.1334 fidL 0.1414 (3s)
  H=1 nsup=2 w2a        pexact   0.00 cell  32.78 fidH 0.2986 fidL 0.2796 (3s)
  H=1 nsup=2 w2g32      pexact   0.00 cell  38.42 fidH 0.4144 fidL 0.3946 (3s)
  H=1 nsup=4 fp32       pexact   2.20 cell  67.40
  H=1 nsup=4 w8t        pexact   2.20 cell  67.34 fidH 0.9996 fidL 0.9987 (3s)
  H=1 nsup=4 w8c        pexact   2.20 cell  67.44 fidH 0.9999 fidL 0.9997 (3s)
  H=1 nsup=4 w8a        pexact   2.20 cell  67.41 fidH 0.9999 fidL 0.9997 (3s)
  H=1 nsup=4 w6t        pexact   2.10 cell  67.26 fidH 0.9919 fidL 0.9741 (3s)
  H=1 nsup=4 w6c        pexact   2.20 cell  67.41 fidH 0.9985 fidL 0.9947 (3s)
  H=1 nsup=4 w6a        pexact   2.30 cell  67.36 fidH 0.9988 fidL 0.9956 (4s)
  H=1 nsup=4 w5t        pexact   2.10 cell  66.79 fidH 0.9707 fidL 0.9062 (4s)
  H=1 nsup=4 w5c        pexact   2.10 cell  67.27 fidH 0.9926 fidL 0.9747 (4s)
  H=1 nsup=4 w5a        pexact   2.20 cell  67.25 fidH 0.9948 fidL 0.9814 (4s)
  H=1 nsup=4 w4t        pexact   0.70 cell  62.05 fidH 0.8179 fidL 0.6496 (4s)
  H=1 nsup=4 w4c        pexact   2.10 cell  66.73 fidH 0.9716 fidL 0.9080 (4s)
  H=1 nsup=4 w4a        pexact   2.10 cell  67.23 fidH 0.9769 fidL 0.9249 (4s)
  H=1 nsup=4 w4g128     pexact   2.10 cell  67.10 fidH 0.9793 fidL 0.9320 (4s)
  H=1 nsup=4 w4g32      pexact   2.20 cell  67.32 fidH 0.9862 fidL 0.9534 (4s)
  H=1 nsup=4 w3t        pexact   0.00 cell  11.11 fidH 0.0701 fidL -0.0929 (4s)
  H=1 nsup=4 w3c        pexact   0.00 cell  54.10 fidH 0.5434 fidL 0.4515 (4s)
  H=1 nsup=4 w3a        pexact   0.50 cell  62.65 fidH 0.8369 fidL 0.6735 (5s)
  H=1 nsup=4 w3g32      pexact   1.60 cell  64.69 fidH 0.9000 fidL 0.7605 (4s)
  H=1 nsup=4 w2t        pexact   0.00 cell   7.60 fidH 0.0204 fidL 0.1788 (4s)
  H=1 nsup=4 w2c        pexact   0.00 cell  24.82 fidH 0.1043 fidL 0.1248 (4s)
  H=1 nsup=4 w2a        pexact   0.00 cell  36.35 fidH 0.2386 fidL 0.1555 (4s)
  H=1 nsup=4 w2g32      pexact   0.00 cell  39.44 fidH 0.2377 fidL 0.1404 (4s)
  H=1 nsup=8 fp32       pexact  10.70 cell  70.77
  H=1 nsup=8 w8t        pexact  10.80 cell  70.72 fidH 0.9970 fidL 0.9932 (7s)
  H=1 nsup=8 w8c        pexact  10.80 cell  70.79 fidH 0.9990 fidL 0.9979 (7s)
  H=1 nsup=8 w8a        pexact  10.50 cell  70.82 fidH 0.9993 fidL 0.9983 (7s)
  H=1 nsup=8 w6t        pexact   9.90 cell  70.31 fidH 0.9856 fidL 0.9669 (7s)
  H=1 nsup=8 w6c        pexact  10.40 cell  70.64 fidH 0.9950 fidL 0.9882 (7s)
  H=1 nsup=8 w6a        pexact  10.30 cell  70.63 fidH 0.9941 fidL 0.9869 (7s)
  H=1 nsup=8 w5t        pexact   8.80 cell  69.57 fidH 0.9644 fidL 0.9203 (7s)
  H=1 nsup=8 w5c        pexact   9.90 cell  70.25 fidH 0.9861 fidL 0.9673 (7s)
  H=1 nsup=8 w5a        pexact  10.30 cell  70.42 fidH 0.9876 fidL 0.9730 (7s)
  H=1 nsup=8 w4t        pexact   2.00 cell  61.97 fidH 0.8077 fidL 0.6302 (7s)
  H=1 nsup=8 w4c        pexact   8.60 cell  69.78 fidH 0.9652 fidL 0.9169 (7s)
  H=1 nsup=8 w4a        pexact   9.80 cell  69.90 fidH 0.9718 fidL 0.9354 (7s)
  H=1 nsup=8 w4g128     pexact   8.90 cell  69.97 fidH 0.9756 fidL 0.9427 (7s)
  H=1 nsup=8 w4g32      pexact  10.00 cell  70.21 fidH 0.9799 fidL 0.9513 (7s)
  H=1 nsup=8 w3t        pexact   0.00 cell  14.80 fidH 0.0832 fidL -0.1642 (7s)
  H=1 nsup=8 w3c        pexact   0.00 cell  46.83 fidH 0.4492 fidL 0.3851 (7s)
  H=1 nsup=8 w3a        pexact   2.20 cell  63.17 fidH 0.8328 fidL 0.6589 (7s)
  H=1 nsup=8 w3g32      pexact   5.10 cell  66.44 fidH 0.8908 fidL 0.7715 (7s)
  H=1 nsup=8 w2t        pexact   0.00 cell   7.60 fidH 0.0041 fidL 0.2161 (6s)
  H=1 nsup=8 w2c        pexact   0.00 cell  25.73 fidH 0.0708 fidL 0.1518 (6s)
  H=1 nsup=8 w2a        pexact   0.00 cell  34.41 fidH 0.1435 fidL 0.0694 (6s)
  H=1 nsup=8 w2g32      pexact   0.00 cell  38.34 fidH 0.2251 fidL 0.0803 (7s)
  H=1 nsup=16 fp32       pexact  11.60 cell  72.71
  H=1 nsup=16 w8t        pexact  12.60 cell  72.89 fidH 0.9884 fidL 0.9784 (12s)
  H=1 nsup=16 w8c        pexact  11.10 cell  72.69 fidH 0.9931 fidL 0.9870 (12s)
  H=1 nsup=16 w8a        pexact  11.10 cell  72.82 fidH 0.9924 fidL 0.9863 (12s)
  H=1 nsup=16 w6t        pexact  12.80 cell  72.39 fidH 0.9743 fidL 0.9506 (12s)
  H=1 nsup=16 w6c        pexact  11.70 cell  72.81 fidH 0.9842 fidL 0.9714 (12s)
  H=1 nsup=16 w6a        pexact  11.60 cell  72.77 fidH 0.9868 fidL 0.9750 (11s)
  H=1 nsup=16 w5t        pexact  10.10 cell  71.49 fidH 0.9501 fidL 0.9014 (12s)
  H=1 nsup=16 w5c        pexact  11.00 cell  72.48 fidH 0.9775 fidL 0.9555 (12s)
  H=1 nsup=16 w5a        pexact  12.60 cell  72.54 fidH 0.9781 fidL 0.9574 (12s)
  H=1 nsup=16 w4t        pexact   0.60 cell  60.97 fidH 0.7622 fidL 0.5868 (12s)
  H=1 nsup=16 w4c        pexact  11.10 cell  71.20 fidH 0.9514 fidL 0.8983 (12s)
  H=1 nsup=16 w4a        pexact   9.40 cell  71.62 fidH 0.9593 fidL 0.9187 (12s)
  H=1 nsup=16 w4g128     pexact  12.00 cell  72.12 fidH 0.9626 fidL 0.9249 (12s)
  H=1 nsup=16 w4g32      pexact  13.60 cell  72.50 fidH 0.9676 fidL 0.9360 (12s)
  H=1 nsup=16 w3t        pexact   0.00 cell  19.68 fidH 0.1129 fidL -0.1353 (12s)
  H=1 nsup=16 w3c        pexact   0.00 cell  29.71 fidH 0.1906 fidL 0.2891 (12s)
  H=1 nsup=16 w3a        pexact   0.90 cell  61.99 fidH 0.7771 fidL 0.6125 (11s)
  H=1 nsup=16 w3g32      pexact   8.30 cell  67.43 fidH 0.8745 fidL 0.7583 (11s)
  H=1 nsup=16 w2t        pexact   0.00 cell  10.95 fidH -0.0119 fidL 0.2466 (12s)
  H=1 nsup=16 w2c        pexact   0.00 cell  17.51 fidH 0.0433 fidL 0.1345 (12s)
  H=1 nsup=16 w2a        pexact   0.00 cell  28.26 fidH 0.1188 fidL 0.0727 (12s)
  H=1 nsup=16 w2g32      pexact   0.00 cell  32.18 fidH 0.1756 fidL 0.0810 (12s)
  H=2 nsup=1 fp32       pexact   0.00 cell  47.00
  H=2 nsup=1 w8t        pexact   0.00 cell  46.96 fidH 0.9998 fidL 0.9997 (2s)
  H=2 nsup=1 w8c        pexact   0.00 cell  46.99 fidH 0.9999 fidL 0.9999 (3s)
  H=2 nsup=1 w8a        pexact   0.00 cell  47.04 fidH 0.9999 fidL 0.9999 (3s)
  H=2 nsup=1 w6t        pexact   0.00 cell  46.74 fidH 0.9952 fidL 0.9940 (2s)
  H=2 nsup=1 w6c        pexact   0.00 cell  46.83 fidH 0.9989 fidL 0.9984 (2s)
  H=2 nsup=1 w6a        pexact   0.00 cell  47.08 fidH 0.9991 fidL 0.9989 (3s)
  H=2 nsup=1 w5t        pexact   0.00 cell  46.96 fidH 0.9836 fidL 0.9790 (2s)
  H=2 nsup=1 w5c        pexact   0.00 cell  46.80 fidH 0.9952 fidL 0.9941 (3s)
  H=2 nsup=1 w5a        pexact   0.00 cell  46.38 fidH 0.9945 fidL 0.9928 (2s)
  H=2 nsup=1 w4t        pexact   0.00 cell  46.47 fidH 0.8853 fidL 0.8583 (3s)
  H=2 nsup=1 w4c        pexact   0.00 cell  46.58 fidH 0.9771 fidL 0.9693 (2s)
  H=2 nsup=1 w4a        pexact   0.00 cell  47.25 fidH 0.9856 fidL 0.9809 (3s)
  H=2 nsup=1 w4g128     pexact   0.00 cell  46.89 fidH 0.9846 fidL 0.9791 (3s)
  H=2 nsup=1 w4g32      pexact   0.00 cell  46.71 fidH 0.9907 fidL 0.9868 (2s)
  H=2 nsup=1 w3t        pexact   0.00 cell  11.11 fidH 0.0227 fidL -0.0263 (3s)
  H=2 nsup=1 w3c        pexact   0.00 cell  45.63 fidH 0.7295 fidL 0.6459 (2s)
  H=2 nsup=1 w3a        pexact   0.00 cell  48.04 fidH 0.8976 fidL 0.8392 (3s)
  H=2 nsup=1 w3g32      pexact   0.00 cell  47.87 fidH 0.9333 fidL 0.8989 (3s)
  H=2 nsup=1 w2t        pexact   0.00 cell   0.00 fidH 0.0351 fidL 0.1255 (3s)
  H=2 nsup=1 w2c        pexact   0.00 cell  14.56 fidH 0.1334 fidL 0.1414 (3s)
  H=2 nsup=1 w2a        pexact   0.00 cell  32.78 fidH 0.2986 fidL 0.2796 (2s)
  H=2 nsup=1 w2g32      pexact   0.00 cell  38.42 fidH 0.4144 fidL 0.3946 (3s)
  H=2 nsup=2 fp32       pexact   2.20 cell  67.40
  H=2 nsup=2 w8t        pexact   2.20 cell  67.34 fidH 0.9996 fidL 0.9987 (4s)
  H=2 nsup=2 w8c        pexact   2.20 cell  67.44 fidH 0.9999 fidL 0.9997 (4s)
  H=2 nsup=2 w8a        pexact   2.20 cell  67.41 fidH 0.9999 fidL 0.9997 (4s)
  H=2 nsup=2 w6t        pexact   2.10 cell  67.26 fidH 0.9919 fidL 0.9741 (4s)
  H=2 nsup=2 w6c        pexact   2.20 cell  67.41 fidH 0.9985 fidL 0.9947 (4s)
  H=2 nsup=2 w6a        pexact   2.30 cell  67.36 fidH 0.9988 fidL 0.9956 (4s)
  H=2 nsup=2 w5t        pexact   2.10 cell  66.79 fidH 0.9707 fidL 0.9062 (4s)
  H=2 nsup=2 w5c        pexact   2.10 cell  67.27 fidH 0.9926 fidL 0.9747 (4s)
  H=2 nsup=2 w5a        pexact   2.20 cell  67.25 fidH 0.9948 fidL 0.9814 (4s)
  H=2 nsup=2 w4t        pexact   0.70 cell  62.05 fidH 0.8179 fidL 0.6496 (4s)
  H=2 nsup=2 w4c        pexact   2.10 cell  66.73 fidH 0.9716 fidL 0.9080 (4s)
  H=2 nsup=2 w4a        pexact   2.10 cell  67.23 fidH 0.9769 fidL 0.9249 (4s)
  H=2 nsup=2 w4g128     pexact   2.10 cell  67.10 fidH 0.9793 fidL 0.9320 (4s)
  H=2 nsup=2 w4g32      pexact   2.20 cell  67.32 fidH 0.9862 fidL 0.9534 (4s)
  H=2 nsup=2 w3t        pexact   0.00 cell  11.11 fidH 0.0701 fidL -0.0929 (4s)
  H=2 nsup=2 w3c        pexact   0.00 cell  54.10 fidH 0.5434 fidL 0.4515 (4s)
  H=2 nsup=2 w3a        pexact   0.50 cell  62.65 fidH 0.8369 fidL 0.6735 (4s)
  H=2 nsup=2 w3g32      pexact   1.60 cell  64.69 fidH 0.9000 fidL 0.7605 (4s)
  H=2 nsup=2 w2t        pexact   0.00 cell   7.60 fidH 0.0204 fidL 0.1788 (4s)
  H=2 nsup=2 w2c        pexact   0.00 cell  24.82 fidH 0.1043 fidL 0.1248 (4s)
  H=2 nsup=2 w2a        pexact   0.00 cell  36.35 fidH 0.2386 fidL 0.1555 (4s)
  H=2 nsup=2 w2g32      pexact   0.00 cell  39.44 fidH 0.2377 fidL 0.1404 (4s)
  H=2 nsup=4 fp32       pexact  10.70 cell  70.77
  H=2 nsup=4 w8t        pexact  10.80 cell  70.72 fidH 0.9970 fidL 0.9932 (6s)
  H=2 nsup=4 w8c        pexact  10.80 cell  70.79 fidH 0.9990 fidL 0.9979 (7s)
  H=2 nsup=4 w8a        pexact  10.50 cell  70.82 fidH 0.9993 fidL 0.9983 (7s)
  H=2 nsup=4 w6t        pexact   9.90 cell  70.31 fidH 0.9856 fidL 0.9669 (7s)
  H=2 nsup=4 w6c        pexact  10.40 cell  70.64 fidH 0.9950 fidL 0.9882 (6s)
  H=2 nsup=4 w6a        pexact  10.30 cell  70.63 fidH 0.9941 fidL 0.9869 (7s)
  H=2 nsup=4 w5t        pexact   8.80 cell  69.57 fidH 0.9644 fidL 0.9203 (7s)
  H=2 nsup=4 w5c        pexact   9.90 cell  70.25 fidH 0.9861 fidL 0.9673 (7s)
  H=2 nsup=4 w5a        pexact  10.30 cell  70.42 fidH 0.9876 fidL 0.9730 (6s)
  H=2 nsup=4 w4t        pexact   2.00 cell  61.97 fidH 0.8077 fidL 0.6302 (6s)
  H=2 nsup=4 w4c        pexact   8.60 cell  69.78 fidH 0.9652 fidL 0.9169 (6s)
  H=2 nsup=4 w4a        pexact   9.80 cell  69.90 fidH 0.9718 fidL 0.9354 (7s)
  H=2 nsup=4 w4g128     pexact   8.90 cell  69.97 fidH 0.9756 fidL 0.9427 (7s)
  H=2 nsup=4 w4g32      pexact  10.00 cell  70.21 fidH 0.9799 fidL 0.9513 (7s)
  H=2 nsup=4 w3t        pexact   0.00 cell  14.80 fidH 0.0832 fidL -0.1642 (6s)
  H=2 nsup=4 w3c        pexact   0.00 cell  46.83 fidH 0.4492 fidL 0.3851 (7s)
  H=2 nsup=4 w3a        pexact   2.20 cell  63.17 fidH 0.8328 fidL 0.6589 (6s)
  H=2 nsup=4 w3g32      pexact   5.10 cell  66.44 fidH 0.8908 fidL 0.7715 (6s)
  H=2 nsup=4 w2t        pexact   0.00 cell   7.60 fidH 0.0041 fidL 0.2161 (6s)
  H=2 nsup=4 w2c        pexact   0.00 cell  25.73 fidH 0.0708 fidL 0.1518 (6s)
  H=2 nsup=4 w2a        pexact   0.00 cell  34.41 fidH 0.1435 fidL 0.0694 (7s)
  H=2 nsup=4 w2g32      pexact   0.00 cell  38.34 fidH 0.2251 fidL 0.0803 (7s)
  H=2 nsup=8 fp32       pexact  11.60 cell  72.71
  H=2 nsup=8 w8t        pexact  12.60 cell  72.89 fidH 0.9884 fidL 0.9784 (12s)
  H=2 nsup=8 w8c        pexact  11.10 cell  72.69 fidH 0.9931 fidL 0.9870 (12s)
  H=2 nsup=8 w8a        pexact  11.10 cell  72.82 fidH 0.9924 fidL 0.9863 (12s)
  H=2 nsup=8 w6t        pexact  12.80 cell  72.39 fidH 0.9743 fidL 0.9506 (12s)
  H=2 nsup=8 w6c        pexact  11.70 cell  72.81 fidH 0.9842 fidL 0.9714 (12s)
  H=2 nsup=8 w6a        pexact  11.60 cell  72.77 fidH 0.9868 fidL 0.9750 (11s)
  H=2 nsup=8 w5t        pexact  10.10 cell  71.49 fidH 0.9501 fidL 0.9014 (12s)
  H=2 nsup=8 w5c        pexact  11.00 cell  72.48 fidH 0.9775 fidL 0.9555 (11s)
  H=2 nsup=8 w5a        pexact  12.60 cell  72.54 fidH 0.9781 fidL 0.9574 (12s)
  H=2 nsup=8 w4t        pexact   0.60 cell  60.97 fidH 0.7622 fidL 0.5868 (12s)
  H=2 nsup=8 w4c        pexact  11.10 cell  71.20 fidH 0.9514 fidL 0.8983 (12s)
  H=2 nsup=8 w4a        pexact   9.40 cell  71.62 fidH 0.9593 fidL 0.9187 (12s)
  H=2 nsup=8 w4g128     pexact  12.00 cell  72.12 fidH 0.9626 fidL 0.9249 (12s)
  H=2 nsup=8 w4g32      pexact  13.60 cell  72.50 fidH 0.9676 fidL 0.9360 (12s)
  H=2 nsup=8 w3t        pexact   0.00 cell  19.68 fidH 0.1129 fidL -0.1353 (12s)
  H=2 nsup=8 w3c        pexact   0.00 cell  29.71 fidH 0.1906 fidL 0.2891 (12s)
  H=2 nsup=8 w3a        pexact   0.90 cell  61.99 fidH 0.7771 fidL 0.6125 (12s)
  H=2 nsup=8 w3g32      pexact   8.30 cell  67.43 fidH 0.8745 fidL 0.7583 (12s)
  H=2 nsup=8 w2t        pexact   0.00 cell  10.95 fidH -0.0119 fidL 0.2466 (11s)
  H=2 nsup=8 w2c        pexact   0.00 cell  17.51 fidH 0.0433 fidL 0.1345 (12s)
  H=2 nsup=8 w2a        pexact   0.00 cell  28.26 fidH 0.1188 fidL 0.0727 (12s)
  H=2 nsup=8 w2g32      pexact   0.00 cell  32.18 fidH 0.1756 fidL 0.0810 (12s)
  H=2 nsup=16 fp32       pexact  11.70 cell  72.19
  H=2 nsup=16 w8t        pexact  12.50 cell  72.17 fidH 0.9747 fidL 0.9558 (22s)
  H=2 nsup=16 w8c        pexact  12.10 cell  72.23 fidH 0.9793 fidL 0.9641 (22s)
  H=2 nsup=16 w8a        pexact  11.50 cell  72.14 fidH 0.9832 fidL 0.9700 (23s)
  H=2 nsup=16 w6t        pexact  13.60 cell  72.40 fidH 0.9619 fidL 0.9332 (23s)
  H=2 nsup=16 w6c        pexact  11.00 cell  72.18 fidH 0.9744 fidL 0.9556 (22s)
  H=2 nsup=16 w6a        pexact  11.90 cell  72.16 fidH 0.9739 fidL 0.9544 (23s)
  H=2 nsup=16 w5t        pexact   9.90 cell  71.21 fidH 0.9441 fidL 0.8942 (22s)
  H=2 nsup=16 w5c        pexact   9.40 cell  71.60 fidH 0.9646 fidL 0.9360 (23s)
  H=2 nsup=16 w5a        pexact  12.50 cell  72.36 fidH 0.9670 fidL 0.9415 (23s)
  H=2 nsup=16 w4t        pexact   0.00 cell  59.51 fidH 0.7410 fidL 0.5720 (22s)
  H=2 nsup=16 w4c        pexact  10.30 cell  70.80 fidH 0.9427 fidL 0.8879 (23s)
  H=2 nsup=16 w4a        pexact  10.90 cell  71.26 fidH 0.9477 fidL 0.9035 (23s)
  H=2 nsup=16 w4g128     pexact  10.70 cell  71.76 fidH 0.9506 fidL 0.9086 (22s)
  H=2 nsup=16 w4g32      pexact  14.00 cell  72.58 fidH 0.9562 fidL 0.9200 (22s)
  H=2 nsup=16 w3t        pexact   0.00 cell  21.41 fidH 0.1382 fidL -0.0320 (22s)
  H=2 nsup=16 w3c        pexact   0.00 cell  26.92 fidH 0.1816 fidL 0.2569 (22s)
  H=2 nsup=16 w3a        pexact   0.50 cell  58.29 fidH 0.7032 fidL 0.5478 (22s)
  H=2 nsup=16 w3g32      pexact   6.40 cell  66.01 fidH 0.8526 fidL 0.7338 (22s)
  H=2 nsup=16 w2t        pexact   0.00 cell   9.16 fidH -0.0239 fidL 0.2403 (22s)
  H=2 nsup=16 w2c        pexact   0.00 cell  17.21 fidH 0.0551 fidL 0.1346 (22s)
  H=2 nsup=16 w2a        pexact   0.00 cell  23.89 fidH 0.0986 fidL 0.0632 (22s)
  H=2 nsup=16 w2g32      pexact   0.00 cell  27.08 fidH 0.1595 fidL 0.0787 (22s)
  H=3 nsup=1 fp32       pexact   1.90 cell  66.36
  H=3 nsup=1 w8t        pexact   1.90 cell  66.28 fidH 0.9995 fidL 0.9990 (3s)
  H=3 nsup=1 w8c        pexact   1.90 cell  66.33 fidH 0.9999 fidL 0.9998 (3s)
  H=3 nsup=1 w8a        pexact   1.90 cell  66.39 fidH 0.9999 fidL 0.9998 (3s)
  H=3 nsup=1 w6t        pexact   1.70 cell  66.25 fidH 0.9911 fidL 0.9819 (3s)
  H=3 nsup=1 w6c        pexact   1.80 cell  66.24 fidH 0.9981 fidL 0.9958 (3s)
  H=3 nsup=1 w6a        pexact   1.80 cell  66.31 fidH 0.9985 fidL 0.9966 (3s)
  H=3 nsup=1 w5t        pexact   1.30 cell  65.87 fidH 0.9628 fidL 0.9267 (3s)
  H=3 nsup=1 w5c        pexact   1.60 cell  66.25 fidH 0.9917 fidL 0.9816 (3s)
  H=3 nsup=1 w5a        pexact   1.80 cell  66.15 fidH 0.9928 fidL 0.9835 (3s)
  H=3 nsup=1 w4t        pexact   0.00 cell  59.45 fidH 0.7685 fidL 0.6855 (3s)
  H=3 nsup=1 w4c        pexact   1.10 cell  65.27 fidH 0.9594 fidL 0.9221 (3s)
  H=3 nsup=1 w4a        pexact   1.40 cell  66.15 fidH 0.9707 fidL 0.9380 (3s)
  H=3 nsup=1 w4g128     pexact   1.50 cell  65.64 fidH 0.9716 fidL 0.9428 (3s)
  H=3 nsup=1 w4g32      pexact   1.70 cell  66.07 fidH 0.9823 fidL 0.9621 (3s)
  H=3 nsup=1 w3t        pexact   0.00 cell  11.11 fidH 0.0648 fidL 0.0438 (3s)
  H=3 nsup=1 w3c        pexact   0.00 cell  51.03 fidH 0.5894 fidL 0.4840 (3s)
  H=3 nsup=1 w3a        pexact   0.00 cell  59.45 fidH 0.7781 fidL 0.6931 (3s)
  H=3 nsup=1 w3g32      pexact   0.30 cell  62.80 fidH 0.8708 fidL 0.7793 (3s)
  H=3 nsup=1 w2t        pexact   0.00 cell   7.60 fidH 0.0369 fidL 0.1853 (3s)
  H=3 nsup=1 w2c        pexact   0.00 cell  20.84 fidH 0.1085 fidL 0.1456 (3s)
  H=3 nsup=1 w2a        pexact   0.00 cell  35.49 fidH 0.3071 fidL 0.2442 (3s)
  H=3 nsup=1 w2g32      pexact   0.00 cell  39.41 fidH 0.3101 fidL 0.2483 (3s)
  H=3 nsup=2 fp32       pexact   6.80 cell  69.19
  H=3 nsup=2 w8t        pexact   7.20 cell  69.12 fidH 0.9991 fidL 0.9977 (5s)
  H=3 nsup=2 w8c        pexact   6.80 cell  69.18 fidH 0.9998 fidL 0.9995 (5s)
  H=3 nsup=2 w8a        pexact   6.80 cell  69.14 fidH 0.9998 fidL 0.9995 (5s)
  H=3 nsup=2 w6t        pexact   6.50 cell  68.82 fidH 0.9893 fidL 0.9709 (5s)
  H=3 nsup=2 w6c        pexact   7.20 cell  69.10 fidH 0.9977 fidL 0.9936 (5s)
  H=3 nsup=2 w6a        pexact   6.90 cell  68.97 fidH 0.9978 fidL 0.9940 (5s)
  H=3 nsup=2 w5t        pexact   5.70 cell  68.31 fidH 0.9713 fidL 0.9235 (5s)
  H=3 nsup=2 w5c        pexact   6.10 cell  68.89 fidH 0.9916 fidL 0.9756 (5s)
  H=3 nsup=2 w5a        pexact   6.30 cell  69.06 fidH 0.9935 fidL 0.9821 (5s)
  H=3 nsup=2 w4t        pexact   1.70 cell  62.21 fidH 0.8250 fidL 0.6533 (5s)
  H=3 nsup=2 w4c        pexact   5.20 cell  68.60 fidH 0.9722 fidL 0.9224 (5s)
  H=3 nsup=2 w4a        pexact   6.00 cell  68.73 fidH 0.9770 fidL 0.9380 (5s)
  H=3 nsup=2 w4g128     pexact   6.10 cell  68.72 fidH 0.9806 fidL 0.9457 (5s)
  H=3 nsup=2 w4g32      pexact   6.20 cell  68.76 fidH 0.9848 fidL 0.9569 (5s)
  H=3 nsup=2 w3t        pexact   0.00 cell  11.15 fidH 0.0794 fidL -0.1718 (5s)
  H=3 nsup=2 w3c        pexact   0.00 cell  49.97 fidH 0.4993 fidL 0.4325 (5s)
  H=3 nsup=2 w3a        pexact   1.30 cell  63.38 fidH 0.8516 fidL 0.7043 (5s)
  H=3 nsup=2 w3g32      pexact   3.40 cell  65.77 fidH 0.9084 fidL 0.7988 (5s)
  H=3 nsup=2 w2t        pexact   0.00 cell   7.60 fidH 0.0085 fidL 0.2061 (5s)
  H=3 nsup=2 w2c        pexact   0.00 cell  27.85 fidH 0.0784 fidL 0.1508 (5s)
  H=3 nsup=2 w2a        pexact   0.00 cell  35.44 fidH 0.1224 fidL 0.0477 (5s)
  H=3 nsup=2 w2g32      pexact   0.00 cell  39.08 fidH 0.2021 fidL 0.0569 (5s)
  H=3 nsup=4 fp32       pexact  13.90 cell  72.53
  H=3 nsup=4 w8t        pexact  13.30 cell  72.48 fidH 0.9931 fidL 0.9866 (9s)
  H=3 nsup=4 w8c        pexact  13.30 cell  72.41 fidH 0.9964 fidL 0.9933 (9s)
  H=3 nsup=4 w8a        pexact  13.40 cell  72.48 fidH 0.9960 fidL 0.9925 (9s)
  H=3 nsup=4 w6t        pexact  13.00 cell  71.96 fidH 0.9818 fidL 0.9635 (9s)
  H=3 nsup=4 w6c        pexact  13.10 cell  72.38 fidH 0.9886 fidL 0.9782 (9s)
  H=3 nsup=4 w6a        pexact  13.90 cell  72.33 fidH 0.9900 fidL 0.9805 (9s)
  H=3 nsup=4 w5t        pexact  10.20 cell  71.23 fidH 0.9563 fidL 0.9134 (9s)
  H=3 nsup=4 w5c        pexact  12.50 cell  72.11 fidH 0.9819 fidL 0.9632 (9s)
  H=3 nsup=4 w5a        pexact  13.50 cell  72.18 fidH 0.9826 fidL 0.9661 (9s)
  H=3 nsup=4 w4t        pexact   0.90 cell  61.45 fidH 0.7745 fidL 0.6010 (9s)
  H=3 nsup=4 w4c        pexact  10.60 cell  70.93 fidH 0.9550 fidL 0.9051 (9s)
  H=3 nsup=4 w4a        pexact  11.90 cell  71.30 fidH 0.9647 fidL 0.9280 (9s)
  H=3 nsup=4 w4g128     pexact  10.80 cell  71.53 fidH 0.9683 fidL 0.9338 (9s)
  H=3 nsup=4 w4g32      pexact  13.00 cell  71.94 fidH 0.9757 fidL 0.9490 (9s)
  H=3 nsup=4 w3t        pexact   0.00 cell  17.79 fidH 0.0948 fidL -0.1534 (9s)
  H=3 nsup=4 w3c        pexact   0.00 cell  34.26 fidH 0.2324 fidL 0.3209 (9s)
  H=3 nsup=4 w3a        pexact   1.40 cell  62.91 fidH 0.8007 fidL 0.6335 (9s)
  H=3 nsup=4 w3g32      pexact   7.20 cell  67.01 fidH 0.8758 fidL 0.7597 (9s)
  H=3 nsup=4 w2t        pexact   0.00 cell   7.60 fidH -0.0020 fidL 0.2373 (9s)
  H=3 nsup=4 w2c        pexact   0.00 cell  19.68 fidH 0.0554 fidL 0.1442 (9s)
  H=3 nsup=4 w2a        pexact   0.00 cell  31.42 fidH 0.1381 fidL 0.0813 (9s)
  H=3 nsup=4 w2g32      pexact   0.00 cell  36.44 fidH 0.2036 fidL 0.0900 (9s)
  H=3 nsup=8 fp32       pexact  11.30 cell  72.08
  H=3 nsup=8 w8t        pexact  11.20 cell  72.22 fidH 0.9819 fidL 0.9670 (16s)
  H=3 nsup=8 w8c        pexact  11.90 cell  72.18 fidH 0.9869 fidL 0.9765 (17s)
  H=3 nsup=8 w8a        pexact  11.50 cell  72.17 fidH 0.9874 fidL 0.9766 (17s)
  H=3 nsup=8 w6t        pexact  13.40 cell  72.43 fidH 0.9651 fidL 0.9379 (17s)
  H=3 nsup=8 w6c        pexact  12.20 cell  72.25 fidH 0.9782 fidL 0.9603 (17s)
  H=3 nsup=8 w6a        pexact  10.70 cell  72.07 fidH 0.9795 fidL 0.9622 (17s)
  H=3 nsup=8 w5t        pexact  10.60 cell  71.28 fidH 0.9449 fidL 0.8955 (17s)
  H=3 nsup=8 w5c        pexact  10.80 cell  71.86 fidH 0.9658 fidL 0.9364 (17s)
  H=3 nsup=8 w5a        pexact  13.20 cell  72.34 fidH 0.9684 fidL 0.9429 (17s)
  H=3 nsup=8 w4t        pexact   0.20 cell  60.18 fidH 0.7525 fidL 0.5795 (17s)
  H=3 nsup=8 w4c        pexact  11.00 cell  70.85 fidH 0.9436 fidL 0.8890 (17s)
  H=3 nsup=8 w4a        pexact   9.80 cell  71.08 fidH 0.9516 fidL 0.9070 (17s)
  H=3 nsup=8 w4g128     pexact  11.20 cell  71.97 fidH 0.9554 fidL 0.9143 (17s)
  H=3 nsup=8 w4g32      pexact  13.60 cell  72.45 fidH 0.9588 fidL 0.9235 (17s)
  H=3 nsup=8 w3t        pexact   0.00 cell  20.92 fidH 0.1350 fidL -0.0740 (17s)
  H=3 nsup=8 w3c        pexact   0.00 cell  29.16 fidH 0.1845 fidL 0.2558 (17s)
  H=3 nsup=8 w3a        pexact   0.30 cell  59.60 fidH 0.7371 fidL 0.5732 (17s)
  H=3 nsup=8 w3g32      pexact   7.00 cell  66.81 fidH 0.8631 fidL 0.7455 (17s)
  H=3 nsup=8 w2t        pexact   0.00 cell  10.23 fidH -0.0202 fidL 0.2471 (17s)
  H=3 nsup=8 w2c        pexact   0.00 cell  16.49 fidH 0.0515 fidL 0.1300 (17s)
  H=3 nsup=8 w2a        pexact   0.00 cell  25.24 fidH 0.1054 fidL 0.0655 (17s)
  H=3 nsup=8 w2g32      pexact   0.00 cell  27.71 fidH 0.1572 fidL 0.0759 (17s)
  H=3 nsup=16 fp32       pexact  10.40 cell  71.97
  H=3 nsup=16 w8t        pexact  11.20 cell  71.92 fidH 0.9722 fidL 0.9524 (33s)
  H=3 nsup=16 w8c        pexact  11.40 cell  71.83 fidH 0.9761 fidL 0.9592 (33s)
  H=3 nsup=16 w8a        pexact  11.30 cell  72.06 fidH 0.9763 fidL 0.9589 (33s)
  H=3 nsup=16 w6t        pexact  13.40 cell  72.35 fidH 0.9598 fidL 0.9290 (31s)
  H=3 nsup=16 w6c        pexact   9.90 cell  71.77 fidH 0.9675 fidL 0.9450 (32s)
  H=3 nsup=16 w6a        pexact  10.50 cell  71.80 fidH 0.9685 fidL 0.9465 (33s)
  H=3 nsup=16 w5t        pexact   9.40 cell  71.05 fidH 0.9416 fidL 0.8911 (32s)
  H=3 nsup=16 w5c        pexact   8.90 cell  71.29 fidH 0.9623 fidL 0.9319 (33s)
  H=3 nsup=16 w5a        pexact  13.50 cell  72.36 fidH 0.9640 fidL 0.9369 (33s)
  H=3 nsup=16 w4t        pexact   0.20 cell  58.50 fidH 0.7286 fidL 0.5604 (32s)
  H=3 nsup=16 w4c        pexact  10.10 cell  70.70 fidH 0.9421 fidL 0.8865 (33s)
  H=3 nsup=16 w4a        pexact   9.70 cell  70.79 fidH 0.9459 fidL 0.9008 (33s)
  H=3 nsup=16 w4g128     pexact  10.10 cell  71.45 fidH 0.9503 fidL 0.9082 (31s)
  H=3 nsup=16 w4g32      pexact  14.20 cell  72.59 fidH 0.9548 fidL 0.9175 (32s)
  H=3 nsup=16 w3t        pexact   0.00 cell  23.14 fidH 0.1235 fidL -0.0328 (32s)
  H=3 nsup=16 w3c        pexact   0.00 cell  26.07 fidH 0.1795 fidL 0.2534 (33s)
  H=3 nsup=16 w3a        pexact   0.30 cell  55.80 fidH 0.6576 fidL 0.5177 (33s)
  H=3 nsup=16 w3g32      pexact   6.70 cell  65.50 fidH 0.8334 fidL 0.7146 (33s)
  H=3 nsup=16 w2t        pexact   0.00 cell   8.35 fidH -0.0287 fidL 0.2318 (33s)
  H=3 nsup=16 w2c        pexact   0.00 cell  16.61 fidH 0.0531 fidL 0.1421 (32s)
  H=3 nsup=16 w2a        pexact   0.00 cell  22.36 fidH 0.0919 fidL 0.0580 (32s)
  H=3 nsup=16 w2g32      pexact   0.00 cell  26.61 fidH 0.1602 fidL 0.0747 (33s)
  H=4 nsup=1 fp32       pexact   2.20 cell  67.40
  H=4 nsup=1 w8t        pexact   2.20 cell  67.34 fidH 0.9996 fidL 0.9987 (4s)
  H=4 nsup=1 w8c        pexact   2.20 cell  67.44 fidH 0.9999 fidL 0.9997 (4s)
  H=4 nsup=1 w8a        pexact   2.20 cell  67.41 fidH 0.9999 fidL 0.9997 (4s)
  H=4 nsup=1 w6t        pexact   2.10 cell  67.26 fidH 0.9919 fidL 0.9741 (4s)
  H=4 nsup=1 w6c        pexact   2.20 cell  67.41 fidH 0.9985 fidL 0.9947 (4s)
  H=4 nsup=1 w6a        pexact   2.30 cell  67.36 fidH 0.9988 fidL 0.9956 (4s)
  H=4 nsup=1 w5t        pexact   2.10 cell  66.79 fidH 0.9707 fidL 0.9062 (4s)
  H=4 nsup=1 w5c        pexact   2.10 cell  67.27 fidH 0.9926 fidL 0.9747 (4s)
  H=4 nsup=1 w5a        pexact   2.20 cell  67.25 fidH 0.9948 fidL 0.9814 (4s)
  H=4 nsup=1 w4t        pexact   0.70 cell  62.05 fidH 0.8179 fidL 0.6496 (4s)
  H=4 nsup=1 w4c        pexact   2.10 cell  66.73 fidH 0.9716 fidL 0.9080 (4s)
  H=4 nsup=1 w4a        pexact   2.10 cell  67.23 fidH 0.9769 fidL 0.9249 (4s)
  H=4 nsup=1 w4g128     pexact   2.10 cell  67.10 fidH 0.9793 fidL 0.9320 (4s)
  H=4 nsup=1 w4g32      pexact   2.20 cell  67.32 fidH 0.9862 fidL 0.9534 (4s)
  H=4 nsup=1 w3t        pexact   0.00 cell  11.11 fidH 0.0701 fidL -0.0929 (4s)
  H=4 nsup=1 w3c        pexact   0.00 cell  54.10 fidH 0.5434 fidL 0.4515 (4s)
  H=4 nsup=1 w3a        pexact   0.50 cell  62.65 fidH 0.8369 fidL 0.6735 (4s)
  H=4 nsup=1 w3g32      pexact   1.60 cell  64.69 fidH 0.9000 fidL 0.7605 (4s)
  H=4 nsup=1 w2t        pexact   0.00 cell   7.60 fidH 0.0204 fidL 0.1788 (4s)
  H=4 nsup=1 w2c        pexact   0.00 cell  24.82 fidH 0.1043 fidL 0.1248 (4s)
  H=4 nsup=1 w2a        pexact   0.00 cell  36.35 fidH 0.2386 fidL 0.1555 (4s)
  H=4 nsup=1 w2g32      pexact   0.00 cell  39.44 fidH 0.2377 fidL 0.1404 (4s)
  H=4 nsup=2 fp32       pexact  10.70 cell  70.77
  H=4 nsup=2 w8t        pexact  10.80 cell  70.72 fidH 0.9970 fidL 0.9932 (6s)
  H=4 nsup=2 w8c        pexact  10.80 cell  70.79 fidH 0.9990 fidL 0.9979 (7s)
  H=4 nsup=2 w8a        pexact  10.50 cell  70.82 fidH 0.9993 fidL 0.9983 (7s)
  H=4 nsup=2 w6t        pexact   9.90 cell  70.31 fidH 0.9856 fidL 0.9669 (6s)
  H=4 nsup=2 w6c        pexact  10.40 cell  70.64 fidH 0.9950 fidL 0.9882 (7s)
  H=4 nsup=2 w6a        pexact  10.30 cell  70.63 fidH 0.9941 fidL 0.9869 (6s)
  H=4 nsup=2 w5t        pexact   8.80 cell  69.57 fidH 0.9644 fidL 0.9203 (7s)
  H=4 nsup=2 w5c        pexact   9.90 cell  70.25 fidH 0.9861 fidL 0.9673 (6s)
  H=4 nsup=2 w5a        pexact  10.30 cell  70.42 fidH 0.9876 fidL 0.9730 (7s)
  H=4 nsup=2 w4t        pexact   2.00 cell  61.97 fidH 0.8077 fidL 0.6302 (7s)
  H=4 nsup=2 w4c        pexact   8.60 cell  69.78 fidH 0.9652 fidL 0.9169 (7s)
  H=4 nsup=2 w4a        pexact   9.80 cell  69.90 fidH 0.9718 fidL 0.9354 (7s)
  H=4 nsup=2 w4g128     pexact   8.90 cell  69.97 fidH 0.9756 fidL 0.9427 (6s)
  H=4 nsup=2 w4g32      pexact  10.00 cell  70.21 fidH 0.9799 fidL 0.9513 (6s)
  H=4 nsup=2 w3t        pexact   0.00 cell  14.80 fidH 0.0832 fidL -0.1642 (6s)
  H=4 nsup=2 w3c        pexact   0.00 cell  46.83 fidH 0.4492 fidL 0.3851 (6s)
  H=4 nsup=2 w3a        pexact   2.20 cell  63.17 fidH 0.8328 fidL 0.6589 (7s)
  H=4 nsup=2 w3g32      pexact   5.10 cell  66.44 fidH 0.8908 fidL 0.7715 (6s)
  H=4 nsup=2 w2t        pexact   0.00 cell   7.60 fidH 0.0041 fidL 0.2161 (6s)
  H=4 nsup=2 w2c        pexact   0.00 cell  25.73 fidH 0.0708 fidL 0.1518 (6s)
  H=4 nsup=2 w2a        pexact   0.00 cell  34.41 fidH 0.1435 fidL 0.0694 (6s)
  H=4 nsup=2 w2g32      pexact   0.00 cell  38.34 fidH 0.2251 fidL 0.0803 (6s)
  H=4 nsup=4 fp32       pexact  11.60 cell  72.71
  H=4 nsup=4 w8t        pexact  12.60 cell  72.89 fidH 0.9884 fidL 0.9784 (12s)
  H=4 nsup=4 w8c        pexact  11.10 cell  72.69 fidH 0.9931 fidL 0.9870 (12s)
  H=4 nsup=4 w8a        pexact  11.10 cell  72.82 fidH 0.9924 fidL 0.9863 (12s)
  H=4 nsup=4 w6t        pexact  12.80 cell  72.39 fidH 0.9743 fidL 0.9506 (12s)
  H=4 nsup=4 w6c        pexact  11.70 cell  72.81 fidH 0.9842 fidL 0.9714 (12s)
  H=4 nsup=4 w6a        pexact  11.60 cell  72.77 fidH 0.9868 fidL 0.9750 (12s)
  H=4 nsup=4 w5t        pexact  10.10 cell  71.49 fidH 0.9501 fidL 0.9014 (12s)
  H=4 nsup=4 w5c        pexact  11.00 cell  72.48 fidH 0.9775 fidL 0.9555 (12s)
  H=4 nsup=4 w5a        pexact  12.60 cell  72.54 fidH 0.9781 fidL 0.9574 (12s)
  H=4 nsup=4 w4t        pexact   0.60 cell  60.97 fidH 0.7622 fidL 0.5868 (12s)
  H=4 nsup=4 w4c        pexact  11.10 cell  71.20 fidH 0.9514 fidL 0.8983 (12s)
  H=4 nsup=4 w4a        pexact   9.40 cell  71.62 fidH 0.9593 fidL 0.9187 (12s)
  H=4 nsup=4 w4g128     pexact  12.00 cell  72.12 fidH 0.9626 fidL 0.9249 (12s)
  H=4 nsup=4 w4g32      pexact  13.60 cell  72.50 fidH 0.9676 fidL 0.9360 (12s)
  H=4 nsup=4 w3t        pexact   0.00 cell  19.68 fidH 0.1129 fidL -0.1353 (12s)
  H=4 nsup=4 w3c        pexact   0.00 cell  29.71 fidH 0.1906 fidL 0.2891 (11s)
  H=4 nsup=4 w3a        pexact   0.90 cell  61.99 fidH 0.7771 fidL 0.6125 (11s)
  H=4 nsup=4 w3g32      pexact   8.30 cell  67.43 fidH 0.8745 fidL 0.7583 (12s)
  H=4 nsup=4 w2t        pexact   0.00 cell  10.95 fidH -0.0119 fidL 0.2466 (12s)
  H=4 nsup=4 w2c        pexact   0.00 cell  17.51 fidH 0.0433 fidL 0.1345 (12s)
  H=4 nsup=4 w2a        pexact   0.00 cell  28.26 fidH 0.1188 fidL 0.0727 (11s)
  H=4 nsup=4 w2g32      pexact   0.00 cell  32.18 fidH 0.1756 fidL 0.0810 (12s)
  H=4 nsup=8 fp32       pexact  11.70 cell  72.19
  H=4 nsup=8 w8t        pexact  12.50 cell  72.17 fidH 0.9747 fidL 0.9558 (22s)
  H=4 nsup=8 w8c        pexact  12.10 cell  72.23 fidH 0.9793 fidL 0.9641 (22s)
  H=4 nsup=8 w8a        pexact  11.50 cell  72.14 fidH 0.9832 fidL 0.9700 (22s)
  H=4 nsup=8 w6t        pexact  13.60 cell  72.40 fidH 0.9619 fidL 0.9332 (22s)
  H=4 nsup=8 w6c        pexact  11.00 cell  72.18 fidH 0.9744 fidL 0.9556 (22s)
  H=4 nsup=8 w6a        pexact  11.90 cell  72.16 fidH 0.9739 fidL 0.9544 (23s)
  H=4 nsup=8 w5t        pexact   9.90 cell  71.21 fidH 0.9441 fidL 0.8942 (22s)
  H=4 nsup=8 w5c        pexact   9.40 cell  71.60 fidH 0.9646 fidL 0.9360 (22s)
  H=4 nsup=8 w5a        pexact  12.50 cell  72.36 fidH 0.9670 fidL 0.9415 (22s)
  H=4 nsup=8 w4t        pexact   0.00 cell  59.51 fidH 0.7410 fidL 0.5720 (22s)
  H=4 nsup=8 w4c        pexact  10.30 cell  70.80 fidH 0.9427 fidL 0.8879 (22s)
  H=4 nsup=8 w4a        pexact  10.90 cell  71.26 fidH 0.9477 fidL 0.9035 (23s)
  H=4 nsup=8 w4g128     pexact  10.70 cell  71.76 fidH 0.9506 fidL 0.9086 (22s)
  H=4 nsup=8 w4g32      pexact  14.00 cell  72.58 fidH 0.9562 fidL 0.9200 (22s)
  H=4 nsup=8 w3t        pexact   0.00 cell  21.41 fidH 0.1382 fidL -0.0320 (23s)
  H=4 nsup=8 w3c        pexact   0.00 cell  26.92 fidH 0.1816 fidL 0.2569 (22s)
  H=4 nsup=8 w3a        pexact   0.50 cell  58.29 fidH 0.7032 fidL 0.5478 (21s)
  H=4 nsup=8 w3g32      pexact   6.40 cell  66.01 fidH 0.8526 fidL 0.7338 (22s)
  H=4 nsup=8 w2t        pexact   0.00 cell   9.16 fidH -0.0239 fidL 0.2403 (22s)
  H=4 nsup=8 w2c        pexact   0.00 cell  17.21 fidH 0.0551 fidL 0.1346 (22s)
  H=4 nsup=8 w2a        pexact   0.00 cell  23.89 fidH 0.0986 fidL 0.0632 (22s)
  H=4 nsup=8 w2g32      pexact   0.00 cell  27.08 fidH 0.1595 fidL 0.0787 (23s)
  H=4 nsup=16 fp32       pexact  10.50 cell  71.66
  H=4 nsup=16 w8t        pexact  12.10 cell  71.94 fidH 0.9705 fidL 0.9506 (39s)
  H=4 nsup=16 w8c        pexact  10.40 cell  71.70 fidH 0.9733 fidL 0.9560 (44s)
  H=4 nsup=16 w8a        pexact   9.70 cell  71.59 fidH 0.9711 fidL 0.9521 (44s)
  H=4 nsup=16 w6t        pexact  13.50 cell  72.29 fidH 0.9579 fidL 0.9277 (44s)
  H=4 nsup=16 w6c        pexact  11.00 cell  71.59 fidH 0.9640 fidL 0.9409 (44s)
  H=4 nsup=16 w6a        pexact  11.40 cell  71.64 fidH 0.9654 fidL 0.9427 (44s)
  H=4 nsup=16 w5t        pexact  10.70 cell  71.16 fidH 0.9391 fidL 0.8889 (44s)
  H=4 nsup=16 w5c        pexact  10.60 cell  71.26 fidH 0.9594 fidL 0.9294 (43s)
  H=4 nsup=16 w5a        pexact  14.10 cell  72.53 fidH 0.9608 fidL 0.9338 (44s)
  H=4 nsup=16 w4t        pexact   0.10 cell  57.60 fidH 0.7196 fidL 0.5549 (42s)
  H=4 nsup=16 w4c        pexact  10.00 cell  70.66 fidH 0.9402 fidL 0.8851 (43s)
  H=4 nsup=16 w4a        pexact  10.70 cell  70.93 fidH 0.9464 fidL 0.9017 (43s)
  H=4 nsup=16 w4g128     pexact   9.60 cell  71.48 fidH 0.9455 fidL 0.9021 (44s)
  H=4 nsup=16 w4g32      pexact  15.30 cell  72.38 fidH 0.9521 fidL 0.9169 (44s)
  H=4 nsup=16 w3t        pexact   0.00 cell  22.75 fidH 0.1256 fidL -0.0321 (44s)
  H=4 nsup=16 w3c        pexact   0.00 cell  26.11 fidH 0.1764 fidL 0.2502 (44s)
  H=4 nsup=16 w3a        pexact   0.30 cell  53.73 fidH 0.6233 fidL 0.5002 (45s)
  H=4 nsup=16 w3g32      pexact   6.30 cell  64.56 fidH 0.8231 fidL 0.7054 (44s)
  H=4 nsup=16 w2t        pexact   0.00 cell   8.35 fidH -0.0298 fidL 0.2295 (44s)
  H=4 nsup=16 w2c        pexact   0.00 cell  16.83 fidH 0.0523 fidL 0.1387 (43s)
  H=4 nsup=16 w2a        pexact   0.00 cell  21.74 fidH 0.0891 fidL 0.0544 (43s)
  H=4 nsup=16 w2g32      pexact   0.00 cell  26.42 fidH 0.1593 fidL 0.0712 (41s)
wrote /home/ubuntu/breadth/results/variant_trm_sudoku_attn_w256_s0_65100.json 460 records
variant checkpoint /home/ubuntu/edgetrm_src/TinyRecursiveModels/checkpoints/Sudoku-extreme-1k-aug-1000-ACT-torch/trm_sudoku_attn_w512_s0/step_19530: arch {'H_cycles': 3, 'H_layers': 0, 'L_cycles': 6, 'L_layers': 2, 'expansion': 4, 'forward_dtype': 'bfloat16', 'halt_exploration_prob': 0.1, 'halt_max_steps': 16, 'hidden_size': 512, 'loss': {'loss_type': 'stablemax_cross_entropy', 'name': 'losses@ACTLossHead'}, 'mlp_t': False, 'name': 'recursive_reasoning.trm@TinyRecursiveReasoningModel_ACTV1', 'no_ACT_continue': True, 'num_heads': 8, 'pos_encodings': 'rope', 'puzzle_emb_len': 16, 'puzzle_emb_ndim': 512}
sudoku_attn: 1000 puzzles, batch 256, H=[3], nsup=[16], quants=['fp32', 'w8t', 'w8c', 'w8a', 'w6t', 'w6c', 'w6a', 'w5t', 'w5c', 'w5a', 'w4t', 'w4c', 'w4a', 'w4g128', 'w4g32', 'w3t', 'w3c', 'w3a', 'w3g32', 'w2t', 'w2c', 'w2a', 'w2g32']; 0 records already
  H=3 nsup=16 fp32       pexact  53.30 cell  83.48
  H=3 nsup=16 w8t        pexact  52.60 cell  83.28 fidH 0.9372 fidL 0.8968 (102s)
  H=3 nsup=16 w8c        pexact  52.50 cell  83.26 fidH 0.9356 fidL 0.8962 (103s)
  H=3 nsup=16 w8a        pexact  51.70 cell  83.00 fidH 0.9438 fidL 0.9042 (102s)
  H=3 nsup=16 w6t        pexact  51.10 cell  82.99 fidH 0.9253 fidL 0.8798 (99s)
  H=3 nsup=16 w6c        pexact  53.00 cell  83.37 fidH 0.9308 fidL 0.8888 (99s)
  H=3 nsup=16 w6a        pexact  51.20 cell  82.76 fidH 0.9304 fidL 0.8887 (102s)
  H=3 nsup=16 w5t        pexact  50.50 cell  82.71 fidH 0.9063 fidL 0.8547 (103s)
  H=3 nsup=16 w5c        pexact  50.70 cell  82.70 fidH 0.9133 fidL 0.8645 (103s)
  H=3 nsup=16 w5a        pexact  53.30 cell  83.53 fidH 0.9275 fidL 0.8820 (102s)
  H=3 nsup=16 w4t        pexact  51.00 cell  82.56 fidH 0.8888 fidL 0.8238 (102s)
  H=3 nsup=16 w4c        pexact  50.50 cell  82.79 fidH 0.9069 fidL 0.8537 (101s)
  H=3 nsup=16 w4a        pexact  51.50 cell  83.13 fidH 0.9087 fidL 0.8578 (102s)
  H=3 nsup=16 w4g128     pexact  51.40 cell  82.91 fidH 0.9128 fidL 0.8606 (102s)
  H=3 nsup=16 w4g32      pexact  50.00 cell  82.76 fidH 0.9013 fidL 0.8471 (103s)
  H=3 nsup=16 w3t        pexact   0.00 cell  54.09 fidH 0.3994 fidL 0.3651 (98s)
  H=3 nsup=16 w3c        pexact  47.50 cell  81.69 fidH 0.8601 fidL 0.7829 (101s)
  H=3 nsup=16 w3a        pexact  50.50 cell  82.53 fidH 0.8831 fidL 0.8155 (103s)
  H=3 nsup=16 w3g32      pexact  52.10 cell  82.75 fidH 0.8965 fidL 0.8367 (103s)
  H=3 nsup=16 w2t        pexact   0.00 cell   3.40 fidH -0.0184 fidL 0.0482 (104s)
  H=3 nsup=16 w2c        pexact   0.00 cell  31.88 fidH 0.0406 fidL 0.0850 (104s)
  H=3 nsup=16 w2a        pexact  21.60 cell  69.16 fidH 0.6423 fidL 0.5108 (104s)
  H=3 nsup=16 w2g32      pexact   0.60 cell  58.45 fidH 0.4801 fidL 0.4116 (102s)
wrote /home/ubuntu/breadth/results/variant_trm_sudoku_attn_w512_s0_19530.json 23 records
variant checkpoint /home/ubuntu/edgetrm_src/TinyRecursiveModels/checkpoints/Sudoku-extreme-1k-aug-1000-ACT-torch/trm_sudoku_attn_w512_s0/step_26040: arch {'H_cycles': 3, 'H_layers': 0, 'L_cycles': 6, 'L_layers': 2, 'expansion': 4, 'forward_dtype': 'bfloat16', 'halt_exploration_prob': 0.1, 'halt_max_steps': 16, 'hidden_size': 512, 'loss': {'loss_type': 'stablemax_cross_entropy', 'name': 'losses@ACTLossHead'}, 'mlp_t': False, 'name': 'recursive_reasoning.trm@TinyRecursiveReasoningModel_ACTV1', 'no_ACT_continue': True, 'num_heads': 8, 'pos_encodings': 'rope', 'puzzle_emb_len': 16, 'puzzle_emb_ndim': 512}
sudoku_attn: 1000 puzzles, batch 256, H=[3], nsup=[16], quants=['fp32', 'w8t', 'w8c', 'w8a', 'w6t', 'w6c', 'w6a', 'w5t', 'w5c', 'w5a', 'w4t', 'w4c', 'w4a', 'w4g128', 'w4g32', 'w3t', 'w3c', 'w3a', 'w3g32', 'w2t', 'w2c', 'w2a', 'w2g32']; 0 records already
  H=3 nsup=16 fp32       pexact  59.80 cell  85.45
  H=3 nsup=16 w8t        pexact  59.00 cell  85.24 fidH 0.9577 fidL 0.9126 (102s)
  H=3 nsup=16 w8c        pexact  59.40 cell  85.48 fidH 0.9608 fidL 0.9173 (104s)
  H=3 nsup=16 w8a        pexact  60.40 cell  85.59 fidH 0.9590 fidL 0.9174 (102s)
  H=3 nsup=16 w6t        pexact  58.80 cell  85.13 fidH 0.9437 fidL 0.8936 (103s)
  H=3 nsup=16 w6c        pexact  60.30 cell  85.45 fidH 0.9489 fidL 0.9040 (103s)
  H=3 nsup=16 w6a        pexact  59.30 cell  85.38 fidH 0.9502 fidL 0.9041 (103s)
  H=3 nsup=16 w5t        pexact  59.80 cell  85.36 fidH 0.9317 fidL 0.8790 (103s)
  H=3 nsup=16 w5c        pexact  59.50 cell  85.34 fidH 0.9434 fidL 0.8950 (103s)
  H=3 nsup=16 w5a        pexact  59.60 cell  85.39 fidH 0.9467 fidL 0.8998 (101s)
  H=3 nsup=16 w4t        pexact  54.90 cell  83.70 fidH 0.8921 fidL 0.8188 (104s)
  H=3 nsup=16 w4c        pexact  57.40 cell  85.10 fidH 0.9244 fidL 0.8641 (102s)
  H=3 nsup=16 w4a        pexact  59.10 cell  85.22 fidH 0.9378 fidL 0.8849 (102s)
  H=3 nsup=16 w4g128     pexact  58.00 cell  84.80 fidH 0.9285 fidL 0.8754 (102s)
  H=3 nsup=16 w4g32      pexact  60.10 cell  85.46 fidH 0.9467 fidL 0.8998 (103s)
  H=3 nsup=16 w3t        pexact   0.00 cell  28.30 fidH 0.0626 fidL 0.1345 (103s)
  H=3 nsup=16 w3c        pexact  55.80 cell  83.87 fidH 0.8829 fidL 0.8066 (101s)
  H=3 nsup=16 w3a        pexact  58.20 cell  84.60 fidH 0.9015 fidL 0.8289 (102s)
  H=3 nsup=16 w3g32      pexact  59.30 cell  85.30 fidH 0.9155 fidL 0.8515 (103s)
  H=3 nsup=16 w2t        pexact   0.00 cell   3.46 fidH 0.0325 fidL 0.0360 (103s)
  H=3 nsup=16 w2c        pexact   0.00 cell  31.60 fidH 0.0532 fidL 0.0856 (103s)
  H=3 nsup=16 w2a        pexact   3.60 cell  61.53 fidH 0.4153 fidL 0.4048 (96s)
  H=3 nsup=16 w2g32      pexact  11.80 cell  66.03 fidH 0.5016 fidL 0.4674 (102s)
wrote /home/ubuntu/breadth/results/variant_trm_sudoku_attn_w512_s0_26040.json 23 records
variant checkpoint /home/ubuntu/edgetrm_src/TinyRecursiveModels/checkpoints/Sudoku-extreme-1k-aug-1000-ACT-torch/trm_sudoku_attn_w512_s0/step_32550: arch {'H_cycles': 3, 'H_layers': 0, 'L_cycles': 6, 'L_layers': 2, 'expansion': 4, 'forward_dtype': 'bfloat16', 'halt_exploration_prob': 0.1, 'halt_max_steps': 16, 'hidden_size': 512, 'loss': {'loss_type': 'stablemax_cross_entropy', 'name': 'losses@ACTLossHead'}, 'mlp_t': False, 'name': 'recursive_reasoning.trm@TinyRecursiveReasoningModel_ACTV1', 'no_ACT_continue': True, 'num_heads': 8, 'pos_encodings': 'rope', 'puzzle_emb_len': 16, 'puzzle_emb_ndim': 512}
sudoku_attn: 1000 puzzles, batch 256, H=[3], nsup=[16], quants=['fp32', 'w8t', 'w8c', 'w8a', 'w6t', 'w6c', 'w6a', 'w5t', 'w5c', 'w5a', 'w4t', 'w4c', 'w4a', 'w4g128', 'w4g32', 'w3t', 'w3c', 'w3a', 'w3g32', 'w2t', 'w2c', 'w2a', 'w2g32']; 0 records already
  H=3 nsup=16 fp32       pexact  62.80 cell  86.18
  H=3 nsup=16 w8t        pexact  63.20 cell  86.32 fidH 0.9677 fidL 0.9185 (111s)
  H=3 nsup=16 w8c        pexact  62.80 cell  86.20 fidH 0.9628 fidL 0.9112 (111s)
  H=3 nsup=16 w8a        pexact  63.10 cell  86.26 fidH 0.9569 fidL 0.9077 (112s)
  H=3 nsup=16 w6t        pexact  63.70 cell  86.45 fidH 0.9592 fidL 0.9090 (104s)
  H=3 nsup=16 w6c        pexact  63.50 cell  86.38 fidH 0.9630 fidL 0.9122 (112s)
  H=3 nsup=16 w6a        pexact  62.20 cell  86.06 fidH 0.9606 fidL 0.9106 (112s)
  H=3 nsup=16 w5t        pexact  62.70 cell  86.02 fidH 0.9489 fidL 0.8920 (112s)
  H=3 nsup=16 w5c        pexact  63.70 cell  86.52 fidH 0.9519 fidL 0.8983 (112s)
  H=3 nsup=16 w5a        pexact  63.00 cell  86.38 fidH 0.9570 fidL 0.9072 (111s)
  H=3 nsup=16 w4t        pexact  55.90 cell  84.16 fidH 0.9131 fidL 0.8372 (110s)
  H=3 nsup=16 w4c        pexact  61.70 cell  85.79 fidH 0.9451 fidL 0.8858 (113s)
  H=3 nsup=16 w4a        pexact  61.60 cell  85.80 fidH 0.9473 fidL 0.8901 (113s)
  H=3 nsup=16 w4g128     pexact  62.10 cell  86.04 fidH 0.9450 fidL 0.8885 (112s)
  H=3 nsup=16 w4g32      pexact  63.30 cell  86.39 fidH 0.9573 fidL 0.9076 (110s)
  H=3 nsup=16 w3t        pexact   0.00 cell  19.68 fidH 0.0808 fidL 0.1325 (113s)
  H=3 nsup=16 w3c        pexact  60.20 cell  85.24 fidH 0.8926 fidL 0.8077 (112s)
  H=3 nsup=16 w3a        pexact  61.00 cell  85.31 fidH 0.9184 fidL 0.8457 (114s)
  H=3 nsup=16 w3g32      pexact  60.20 cell  85.26 fidH 0.9282 fidL 0.8618 (114s)
  H=3 nsup=16 w2t        pexact   0.00 cell   3.46 fidH 0.0663 fidL 0.0295 (114s)
  H=3 nsup=16 w2c        pexact   0.00 cell  24.34 fidH 0.0588 fidL 0.0764 (113s)
  H=3 nsup=16 w2a        pexact   6.80 cell  63.69 fidH 0.3947 fidL 0.4249 (113s)
  H=3 nsup=16 w2g32      pexact   8.50 cell  63.35 fidH 0.4575 fidL 0.4735 (113s)
wrote /home/ubuntu/breadth/results/variant_trm_sudoku_attn_w512_s0_32550.json 23 records
variant checkpoint /home/ubuntu/edgetrm_src/TinyRecursiveModels/checkpoints/Sudoku-extreme-1k-aug-1000-ACT-torch/trm_sudoku_attn_w512_s0/step_39060: arch {'H_cycles': 3, 'H_layers': 0, 'L_cycles': 6, 'L_layers': 2, 'expansion': 4, 'forward_dtype': 'bfloat16', 'halt_exploration_prob': 0.1, 'halt_max_steps': 16, 'hidden_size': 512, 'loss': {'loss_type': 'stablemax_cross_entropy', 'name': 'losses@ACTLossHead'}, 'mlp_t': False, 'name': 'recursive_reasoning.trm@TinyRecursiveReasoningModel_ACTV1', 'no_ACT_continue': True, 'num_heads': 8, 'pos_encodings': 'rope', 'puzzle_emb_len': 16, 'puzzle_emb_ndim': 512}
sudoku_attn: 1000 puzzles, batch 256, H=[3], nsup=[16], quants=['fp32', 'w8t', 'w8c', 'w8a', 'w6t', 'w6c', 'w6a', 'w5t', 'w5c', 'w5a', 'w4t', 'w4c', 'w4a', 'w4g128', 'w4g32', 'w3t', 'w3c', 'w3a', 'w3g32', 'w2t', 'w2c', 'w2a', 'w2g32']; 0 records already
  H=3 nsup=16 fp32       pexact  63.40 cell  86.43
  H=3 nsup=16 w8t        pexact  62.60 cell  86.20 fidH 0.9517 fidL 0.8973 (113s)
  H=3 nsup=16 w8c        pexact  63.40 cell  86.44 fidH 0.9595 fidL 0.9047 (109s)
  H=3 nsup=16 w8a        pexact  63.20 cell  86.27 fidH 0.9587 fidL 0.9057 (111s)
  H=3 nsup=16 w6t        pexact  63.80 cell  86.53 fidH 0.9493 fidL 0.8898 (111s)
  H=3 nsup=16 w6c        pexact  63.70 cell  86.61 fidH 0.9512 fidL 0.8963 (111s)
  H=3 nsup=16 w6a        pexact  63.80 cell  86.51 fidH 0.9590 fidL 0.9053 (111s)
  H=3 nsup=16 w5t        pexact  63.20 cell  86.25 fidH 0.9360 fidL 0.8742 (111s)
  H=3 nsup=16 w5c        pexact  63.50 cell  86.58 fidH 0.9481 fidL 0.8904 (110s)
  H=3 nsup=16 w5a        pexact  63.10 cell  86.38 fidH 0.9504 fidL 0.8945 (107s)
  H=3 nsup=16 w4t        pexact  54.50 cell  83.71 fidH 0.8778 fidL 0.7888 (111s)
  H=3 nsup=16 w4c        pexact  64.30 cell  86.77 fidH 0.9347 fidL 0.8713 (112s)
  H=3 nsup=16 w4a        pexact  63.80 cell  86.31 fidH 0.9421 fidL 0.8796 (111s)
  H=3 nsup=16 w4g128     pexact  63.00 cell  86.29 fidH 0.9373 fidL 0.8706 (111s)
  H=3 nsup=16 w4g32      pexact  63.60 cell  86.45 fidH 0.9509 fidL 0.8928 (111s)
  H=3 nsup=16 w3t        pexact   0.00 cell  23.13 fidH 0.0740 fidL 0.0780 (111s)
  H=3 nsup=16 w3c        pexact  63.60 cell  86.34 fidH 0.8834 fidL 0.7860 (111s)
  H=3 nsup=16 w3a        pexact  61.80 cell  85.65 fidH 0.8966 fidL 0.8084 (111s)
  H=3 nsup=16 w3g32      pexact  62.70 cell  86.18 fidH 0.9205 fidL 0.8462 (111s)
  H=3 nsup=16 w2t        pexact   0.00 cell   3.46 fidH 0.0604 fidL 0.0330 (111s)
  H=3 nsup=16 w2c        pexact   0.00 cell  21.58 fidH 0.0565 fidL 0.0714 (111s)
  H=3 nsup=16 w2a        pexact   0.80 cell  60.60 fidH 0.3258 fidL 0.3686 (111s)
  H=3 nsup=16 w2g32      pexact   1.70 cell  61.25 fidH 0.3733 fidL 0.4062 (111s)
wrote /home/ubuntu/breadth/results/variant_trm_sudoku_attn_w512_s0_39060.json 23 records
variant checkpoint /home/ubuntu/edgetrm_src/TinyRecursiveModels/checkpoints/Sudoku-extreme-1k-aug-1000-ACT-torch/trm_sudoku_mlp_w256_s0/step_19530: arch {'H_cycles': 3, 'H_layers': 0, 'L_cycles': 6, 'L_layers': 2, 'expansion': 4, 'forward_dtype': 'bfloat16', 'halt_exploration_prob': 0.1, 'halt_max_steps': 16, 'hidden_size': 256, 'loss': {'loss_type': 'stablemax_cross_entropy', 'name': 'losses@ACTLossHead'}, 'mlp_t': True, 'name': 'recursive_reasoning.trm@TinyRecursiveReasoningModel_ACTV1', 'no_ACT_continue': True, 'num_heads': 4, 'pos_encodings': 'none', 'puzzle_emb_len': 16, 'puzzle_emb_ndim': 256}
sudoku_mlp: 1000 puzzles, batch 256, H=[3], nsup=[16], quants=['fp32', 'w8t', 'w8c', 'w8a', 'w6t', 'w6c', 'w6a', 'w5t', 'w5c', 'w5a', 'w4t', 'w4c', 'w4a', 'w4g128', 'w4g32', 'w3t', 'w3c', 'w3a', 'w3g32', 'w2t', 'w2c', 'w2a', 'w2g32']; 0 records already
  H=3 nsup=16 fp32       pexact  36.70 cell  78.90
  H=3 nsup=16 w8t        pexact  36.80 cell  78.81 fidH 0.9822 fidL 0.9688 (39s)
  H=3 nsup=16 w8c        pexact  37.40 cell  78.95 fidH 0.9864 fidL 0.9755 (39s)
  H=3 nsup=16 w8a        pexact  36.90 cell  78.90 fidH 0.9836 fidL 0.9713 (39s)
  H=3 nsup=16 w6t        pexact  36.40 cell  78.74 fidH 0.9629 fidL 0.9379 (39s)
  H=3 nsup=16 w6c        pexact  36.80 cell  78.96 fidH 0.9795 fidL 0.9636 (39s)
  H=3 nsup=16 w6a        pexact  36.20 cell  78.79 fidH 0.9738 fidL 0.9553 (39s)
  H=3 nsup=16 w5t        pexact  31.30 cell  76.91 fidH 0.9388 fidL 0.9012 (39s)
  H=3 nsup=16 w5c        pexact  37.10 cell  78.63 fidH 0.9582 fidL 0.9311 (39s)
  H=3 nsup=16 w5a        pexact  36.80 cell  78.66 fidH 0.9612 fidL 0.9360 (39s)
  H=3 nsup=16 w4t        pexact  22.00 cell  72.81 fidH 0.8484 fidL 0.7807 (39s)
  H=3 nsup=16 w4c        pexact  28.30 cell  75.89 fidH 0.9240 fidL 0.8788 (39s)
  H=3 nsup=16 w4a        pexact  30.70 cell  76.46 fidH 0.9301 fidL 0.8881 (39s)
  H=3 nsup=16 w4g128     pexact  30.60 cell  76.94 fidH 0.9366 fidL 0.8966 (39s)
  H=3 nsup=16 w4g32      pexact  32.50 cell  77.49 fidH 0.9453 fidL 0.9112 (39s)
  H=3 nsup=16 w3t        pexact   0.00 cell  42.69 fidH 0.4335 fidL 0.3746 (39s)
  H=3 nsup=16 w3c        pexact  15.20 cell  66.93 fidH 0.7577 fidL 0.6816 (39s)
  H=3 nsup=16 w3a        pexact  18.50 cell  71.40 fidH 0.8424 fidL 0.7741 (39s)
  H=3 nsup=16 w3g32      pexact  22.30 cell  72.86 fidH 0.8709 fidL 0.8060 (39s)
  H=3 nsup=16 w2t        pexact   0.00 cell   6.18 fidH 0.0153 fidL 0.2067 (41s)
  H=3 nsup=16 w2c        pexact   0.00 cell  12.71 fidH 0.0487 fidL 0.1197 (39s)
  H=3 nsup=16 w2a        pexact   0.00 cell  47.98 fidH 0.4569 fidL 0.4321 (39s)
  H=3 nsup=16 w2g32      pexact   0.00 cell  36.79 fidH 0.3488 fidL 0.3500 (39s)
wrote /home/ubuntu/breadth/results/variant_trm_sudoku_mlp_w256_s0_19530.json 23 records
variant checkpoint /home/ubuntu/edgetrm_src/TinyRecursiveModels/checkpoints/Sudoku-extreme-1k-aug-1000-ACT-torch/trm_sudoku_mlp_w256_s0/step_26040: arch {'H_cycles': 3, 'H_layers': 0, 'L_cycles': 6, 'L_layers': 2, 'expansion': 4, 'forward_dtype': 'bfloat16', 'halt_exploration_prob': 0.1, 'halt_max_steps': 16, 'hidden_size': 256, 'loss': {'loss_type': 'stablemax_cross_entropy', 'name': 'losses@ACTLossHead'}, 'mlp_t': True, 'name': 'recursive_reasoning.trm@TinyRecursiveReasoningModel_ACTV1', 'no_ACT_continue': True, 'num_heads': 4, 'pos_encodings': 'none', 'puzzle_emb_len': 16, 'puzzle_emb_ndim': 256}
sudoku_mlp: 1000 puzzles, batch 256, H=[3], nsup=[16], quants=['fp32', 'w8t', 'w8c', 'w8a', 'w6t', 'w6c', 'w6a', 'w5t', 'w5c', 'w5a', 'w4t', 'w4c', 'w4a', 'w4g128', 'w4g32', 'w3t', 'w3c', 'w3a', 'w3g32', 'w2t', 'w2c', 'w2a', 'w2g32']; 0 records already
  H=3 nsup=16 fp32       pexact  47.60 cell  81.94
  H=3 nsup=16 w8t        pexact  46.50 cell  81.57 fidH 0.9801 fidL 0.9637 (37s)
  H=3 nsup=16 w8c        pexact  47.30 cell  81.80 fidH 0.9819 fidL 0.9664 (37s)
  H=3 nsup=16 w8a        pexact  47.20 cell  81.85 fidH 0.9822 fidL 0.9671 (37s)
  H=3 nsup=16 w6t        pexact  46.60 cell  81.72 fidH 0.9551 fidL 0.9253 (37s)
  H=3 nsup=16 w6c        pexact  47.00 cell  81.68 fidH 0.9732 fidL 0.9533 (37s)
  H=3 nsup=16 w6a        pexact  47.20 cell  81.96 fidH 0.9751 fidL 0.9563 (37s)
  H=3 nsup=16 w5t        pexact  37.00 cell  78.59 fidH 0.9005 fidL 0.8452 (37s)
  H=3 nsup=16 w5c        pexact  44.60 cell  81.07 fidH 0.9560 fidL 0.9270 (37s)
  H=3 nsup=16 w5a        pexact  45.70 cell  81.36 fidH 0.9608 fidL 0.9345 (37s)
  H=3 nsup=16 w4t        pexact  11.50 cell  67.13 fidH 0.7082 fidL 0.6102 (37s)
  H=3 nsup=16 w4c        pexact  39.30 cell  79.19 fidH 0.9098 fidL 0.8597 (37s)
  H=3 nsup=16 w4a        pexact  39.90 cell  79.00 fidH 0.9232 fidL 0.8795 (37s)
  H=3 nsup=16 w4g128     pexact  41.20 cell  79.62 fidH 0.9227 fidL 0.8782 (37s)
  H=3 nsup=16 w4g32      pexact  41.60 cell  79.75 fidH 0.9385 fidL 0.9007 (37s)
  H=3 nsup=16 w3t        pexact   0.00 cell  16.32 fidH 0.1364 fidL 0.1481 (37s)
  H=3 nsup=16 w3c        pexact  19.70 cell  67.57 fidH 0.7155 fidL 0.6528 (37s)
  H=3 nsup=16 w3a        pexact  22.80 cell  71.84 fidH 0.8084 fidL 0.7228 (36s)
  H=3 nsup=16 w3g32      pexact  25.80 cell  73.64 fidH 0.8505 fidL 0.7805 (36s)
  H=3 nsup=16 w2t        pexact   0.00 cell   4.92 fidH 0.0013 fidL 0.0988 (38s)
  H=3 nsup=16 w2c        pexact   0.00 cell  11.61 fidH 0.0384 fidL 0.0674 (37s)
  H=3 nsup=16 w2a        pexact   0.00 cell  46.45 fidH 0.4071 fidL 0.3633 (37s)
  H=3 nsup=16 w2g32      pexact   0.00 cell  33.55 fidH 0.3085 fidL 0.2862 (37s)
wrote /home/ubuntu/breadth/results/variant_trm_sudoku_mlp_w256_s0_26040.json 23 records
variant checkpoint /home/ubuntu/edgetrm_src/TinyRecursiveModels/checkpoints/Sudoku-extreme-1k-aug-1000-ACT-torch/trm_sudoku_mlp_w256_s0/step_32550: arch {'H_cycles': 3, 'H_layers': 0, 'L_cycles': 6, 'L_layers': 2, 'expansion': 4, 'forward_dtype': 'bfloat16', 'halt_exploration_prob': 0.1, 'halt_max_steps': 16, 'hidden_size': 256, 'loss': {'loss_type': 'stablemax_cross_entropy', 'name': 'losses@ACTLossHead'}, 'mlp_t': True, 'name': 'recursive_reasoning.trm@TinyRecursiveReasoningModel_ACTV1', 'no_ACT_continue': True, 'num_heads': 4, 'pos_encodings': 'none', 'puzzle_emb_len': 16, 'puzzle_emb_ndim': 256}
sudoku_mlp: 1000 puzzles, batch 256, H=[3], nsup=[16], quants=['fp32', 'w8t', 'w8c', 'w8a', 'w6t', 'w6c', 'w6a', 'w5t', 'w5c', 'w5a', 'w4t', 'w4c', 'w4a', 'w4g128', 'w4g32', 'w3t', 'w3c', 'w3a', 'w3g32', 'w2t', 'w2c', 'w2a', 'w2g32']; 0 records already
  H=3 nsup=16 fp32       pexact  53.30 cell  83.65
  H=3 nsup=16 w8t        pexact  52.30 cell  83.28 fidH 0.9600 fidL 0.9355 (39s)
  H=3 nsup=16 w8c        pexact  53.10 cell  83.73 fidH 0.9706 fidL 0.9499 (39s)
  H=3 nsup=16 w8a        pexact  53.20 cell  83.59 fidH 0.9688 fidL 0.9483 (39s)
  H=3 nsup=16 w6t        pexact  50.20 cell  82.88 fidH 0.9437 fidL 0.9127 (39s)
  H=3 nsup=16 w6c        pexact  52.80 cell  83.24 fidH 0.9615 fidL 0.9371 (39s)
  H=3 nsup=16 w6a        pexact  53.10 cell  83.58 fidH 0.9580 fidL 0.9324 (36s)
  H=3 nsup=16 w5t        pexact  39.20 cell  78.56 fidH 0.8854 fidL 0.8339 (39s)
  H=3 nsup=16 w5c        pexact  50.70 cell  82.57 fidH 0.9404 fidL 0.9104 (39s)
  H=3 nsup=16 w5a        pexact  52.80 cell  83.47 fidH 0.9564 fidL 0.9303 (40s)
  H=3 nsup=16 w4t        pexact   1.80 cell  57.83 fidH 0.5639 fidL 0.5709 (39s)
  H=3 nsup=16 w4c        pexact  41.00 cell  79.44 fidH 0.8875 fidL 0.8394 (40s)
  H=3 nsup=16 w4a        pexact  50.10 cell  82.43 fidH 0.9178 fidL 0.8778 (40s)
  H=3 nsup=16 w4g128     pexact  45.40 cell  81.19 fidH 0.9164 fidL 0.8764 (40s)
  H=3 nsup=16 w4g32      pexact  50.70 cell  82.63 fidH 0.9325 fidL 0.8983 (39s)
  H=3 nsup=16 w3t        pexact   0.00 cell  19.13 fidH 0.1223 fidL 0.1398 (39s)
  H=3 nsup=16 w3c        pexact   2.50 cell  62.95 fidH 0.5984 fidL 0.5254 (39s)
  H=3 nsup=16 w3a        pexact  19.50 cell  69.79 fidH 0.7448 fidL 0.6647 (39s)
  H=3 nsup=16 w3g32      pexact  24.00 cell  73.23 fidH 0.8010 fidL 0.7231 (38s)
  H=3 nsup=16 w2t        pexact   0.00 cell  11.29 fidH 0.0310 fidL 0.0593 (40s)
  H=3 nsup=16 w2c        pexact   0.00 cell  17.10 fidH 0.0745 fidL 0.0611 (39s)
  H=3 nsup=16 w2a        pexact   0.00 cell  47.26 fidH 0.3678 fidL 0.3133 (40s)
  H=3 nsup=16 w2g32      pexact   0.00 cell  37.72 fidH 0.3131 fidL 0.2752 (39s)
wrote /home/ubuntu/breadth/results/variant_trm_sudoku_mlp_w256_s0_32550.json 23 records
variant checkpoint /home/ubuntu/edgetrm_src/TinyRecursiveModels/checkpoints/Sudoku-extreme-1k-aug-1000-ACT-torch/trm_sudoku_mlp_w256_s0/step_39060: arch {'H_cycles': 3, 'H_layers': 0, 'L_cycles': 6, 'L_layers': 2, 'expansion': 4, 'forward_dtype': 'bfloat16', 'halt_exploration_prob': 0.1, 'halt_max_steps': 16, 'hidden_size': 256, 'loss': {'loss_type': 'stablemax_cross_entropy', 'name': 'losses@ACTLossHead'}, 'mlp_t': True, 'name': 'recursive_reasoning.trm@TinyRecursiveReasoningModel_ACTV1', 'no_ACT_continue': True, 'num_heads': 4, 'pos_encodings': 'none', 'puzzle_emb_len': 16, 'puzzle_emb_ndim': 256}
sudoku_mlp: 1000 puzzles, batch 256, H=[3], nsup=[16], quants=['fp32', 'w8t', 'w8c', 'w8a', 'w6t', 'w6c', 'w6a', 'w5t', 'w5c', 'w5a', 'w4t', 'w4c', 'w4a', 'w4g128', 'w4g32', 'w3t', 'w3c', 'w3a', 'w3g32', 'w2t', 'w2c', 'w2a', 'w2g32']; 0 records already
  H=3 nsup=16 fp32       pexact  55.80 cell  84.37
  H=3 nsup=16 w8t        pexact  56.60 cell  84.51 fidH 0.9623 fidL 0.9388 (37s)
  H=3 nsup=16 w8c        pexact  55.40 cell  84.17 fidH 0.9673 fidL 0.9446 (37s)
  H=3 nsup=16 w8a        pexact  56.10 cell  84.42 fidH 0.9681 fidL 0.9464 (37s)
  H=3 nsup=16 w6t        pexact  52.70 cell  83.01 fidH 0.9326 fidL 0.8980 (37s)
  H=3 nsup=16 w6c        pexact  57.10 cell  84.62 fidH 0.9587 fidL 0.9336 (37s)
  H=3 nsup=16 w6a        pexact  57.30 cell  84.62 fidH 0.9591 fidL 0.9350 (37s)
  H=3 nsup=16 w5t        pexact  29.10 cell  75.91 fidH 0.8249 fidL 0.7516 (37s)
  H=3 nsup=16 w5c        pexact  54.50 cell  84.03 fidH 0.9463 fidL 0.9168 (37s)
  H=3 nsup=16 w5a        pexact  53.80 cell  83.55 fidH 0.9465 fidL 0.9184 (36s)
  H=3 nsup=16 w4t        pexact   0.00 cell  40.55 fidH 0.3560 fidL 0.4011 (36s)
  H=3 nsup=16 w4c        pexact  52.50 cell  82.87 fidH 0.8966 fidL 0.8531 (36s)
  H=3 nsup=16 w4a        pexact  49.00 cell  82.14 fidH 0.9027 fidL 0.8605 (37s)
  H=3 nsup=16 w4g128     pexact  55.70 cell  84.04 fidH 0.9075 fidL 0.8698 (37s)
  H=3 nsup=16 w4g32      pexact  53.20 cell  83.35 fidH 0.9215 fidL 0.8872 (37s)
  H=3 nsup=16 w3t        pexact   0.00 cell  10.87 fidH 0.0628 fidL 0.0881 (37s)
  H=3 nsup=16 w3c        pexact  11.50 cell  64.32 fidH 0.6283 fidL 0.5853 (37s)
  H=3 nsup=16 w3a        pexact  18.60 cell  67.91 fidH 0.7094 fidL 0.6375 (37s)
  H=3 nsup=16 w3g32      pexact  19.00 cell  72.50 fidH 0.7471 fidL 0.6320 (36s)
  H=3 nsup=16 w2t        pexact   0.00 cell  11.11 fidH 0.0377 fidL 0.0845 (37s)
  H=3 nsup=16 w2c        pexact   0.00 cell  11.27 fidH 0.0560 fidL 0.0543 (37s)
  H=3 nsup=16 w2a        pexact   0.00 cell  46.78 fidH 0.3442 fidL 0.3002 (37s)
  H=3 nsup=16 w2g32      pexact   0.00 cell  38.97 fidH 0.3254 fidL 0.2814 (35s)
wrote /home/ubuntu/breadth/results/variant_trm_sudoku_mlp_w256_s0_39060.json 23 records
variant checkpoint /home/ubuntu/edgetrm_src/TinyRecursiveModels/checkpoints/Sudoku-extreme-1k-aug-1000-ACT-torch/trm_sudoku_mlp_w512_s0/step_13020: arch {'H_cycles': 3, 'H_layers': 0, 'L_cycles': 6, 'L_layers': 2, 'expansion': 4, 'forward_dtype': 'bfloat16', 'halt_exploration_prob': 0.1, 'halt_max_steps': 16, 'hidden_size': 512, 'loss': {'loss_type': 'stablemax_cross_entropy', 'name': 'losses@ACTLossHead'}, 'mlp_t': True, 'name': 'recursive_reasoning.trm@TinyRecursiveReasoningModel_ACTV1', 'no_ACT_continue': True, 'num_heads': 8, 'pos_encodings': 'none', 'puzzle_emb_len': 16, 'puzzle_emb_ndim': 512}
sudoku_mlp: 1000 puzzles, batch 256, H=[3], nsup=[16], quants=['fp32', 'w8t', 'w8c', 'w8a', 'w6t', 'w6c', 'w6a', 'w5t', 'w5c', 'w5a', 'w4t', 'w4c', 'w4a', 'w4g128', 'w4g32', 'w3t', 'w3c', 'w3a', 'w3g32', 'w2t', 'w2c', 'w2a', 'w2g32']; 0 records already
  H=3 nsup=16 fp32       pexact  58.70 cell  85.21
  H=3 nsup=16 w8t        pexact  58.90 cell  85.21 fidH 0.9797 fidL 0.9584 (105s)
  H=3 nsup=16 w8c        pexact  58.30 cell  85.06 fidH 0.9816 fidL 0.9607 (105s)
  H=3 nsup=16 w8a        pexact  59.40 cell  85.31 fidH 0.9831 fidL 0.9637 (105s)
  H=3 nsup=16 w6t        pexact  59.30 cell  85.19 fidH 0.9726 fidL 0.9465 (105s)
  H=3 nsup=16 w6c        pexact  58.30 cell  85.04 fidH 0.9735 fidL 0.9487 (106s)
  H=3 nsup=16 w6a        pexact  58.60 cell  85.11 fidH 0.9753 fidL 0.9504 (106s)
  H=3 nsup=16 w5t        pexact  59.30 cell  85.08 fidH 0.9638 fidL 0.9321 (102s)
  H=3 nsup=16 w5c        pexact  57.50 cell  84.89 fidH 0.9761 fidL 0.9517 (106s)
  H=3 nsup=16 w5a        pexact  59.10 cell  85.34 fidH 0.9741 fidL 0.9485 (106s)
  H=3 nsup=16 w4t        pexact  52.20 cell  82.72 fidH 0.9249 fidL 0.8760 (106s)
  H=3 nsup=16 w4c        pexact  57.10 cell  84.25 fidH 0.9526 fidL 0.9151 (106s)
  H=3 nsup=16 w4a        pexact  57.50 cell  84.66 fidH 0.9567 fidL 0.9215 (105s)
  H=3 nsup=16 w4g128     pexact  56.90 cell  84.32 fidH 0.9581 fidL 0.9247 (103s)
  H=3 nsup=16 w4g32      pexact  57.50 cell  84.73 fidH 0.9669 fidL 0.9371 (106s)
  H=3 nsup=16 w3t        pexact   6.40 cell  61.77 fidH 0.5991 fidL 0.5832 (106s)
  H=3 nsup=16 w3c        pexact  32.20 cell  75.25 fidH 0.8273 fidL 0.7469 (106s)
  H=3 nsup=16 w3a        pexact  45.50 cell  80.45 fidH 0.9015 fidL 0.8453 (104s)
  H=3 nsup=16 w3g32      pexact  44.80 cell  80.44 fidH 0.9047 fidL 0.8445 (107s)
  H=3 nsup=16 w2t        pexact   0.00 cell   5.68 fidH -0.0218 fidL 0.1089 (107s)
  H=3 nsup=16 w2c        pexact   0.00 cell  11.93 fidH 0.1081 fidL 0.2033 (106s)
  H=3 nsup=16 w2a        pexact   1.30 cell  60.30 fidH 0.5448 fidL 0.5128 (105s)
  H=3 nsup=16 w2g32      pexact   0.30 cell  55.38 fidH 0.4730 fidL 0.4796 (104s)
wrote /home/ubuntu/breadth/results/variant_trm_sudoku_mlp_w512_s0_13020.json 23 records
variant checkpoint /home/ubuntu/edgetrm_src/TinyRecursiveModels/checkpoints/Sudoku-extreme-1k-aug-1000-ACT-torch/trm_sudoku_mlp_w512_s0/step_19530: arch {'H_cycles': 3, 'H_layers': 0, 'L_cycles': 6, 'L_layers': 2, 'expansion': 4, 'forward_dtype': 'bfloat16', 'halt_exploration_prob': 0.1, 'halt_max_steps': 16, 'hidden_size': 512, 'loss': {'loss_type': 'stablemax_cross_entropy', 'name': 'losses@ACTLossHead'}, 'mlp_t': True, 'name': 'recursive_reasoning.trm@TinyRecursiveReasoningModel_ACTV1', 'no_ACT_continue': True, 'num_heads': 8, 'pos_encodings': 'none', 'puzzle_emb_len': 16, 'puzzle_emb_ndim': 512}
sudoku_mlp: 1000 puzzles, batch 256, H=[3], nsup=[16], quants=['fp32', 'w8t', 'w8c', 'w8a', 'w6t', 'w6c', 'w6a', 'w5t', 'w5c', 'w5a', 'w4t', 'w4c', 'w4a', 'w4g128', 'w4g32', 'w3t', 'w3c', 'w3a', 'w3g32', 'w2t', 'w2c', 'w2a', 'w2g32']; 0 records already
  H=3 nsup=16 fp32       pexact  67.70 cell  88.18
  H=3 nsup=16 w8t        pexact  68.00 cell  88.27 fidH 0.9613 fidL 0.9350 (96s)
  H=3 nsup=16 w8c        pexact  68.40 cell  88.43 fidH 0.9673 fidL 0.9409 (98s)
  H=3 nsup=16 w8a        pexact  68.10 cell  88.27 fidH 0.9675 fidL 0.9407 (99s)
  H=3 nsup=16 w6t        pexact  67.10 cell  87.93 fidH 0.9439 fidL 0.9197 (98s)
  H=3 nsup=16 w6c        pexact  68.30 cell  88.40 fidH 0.9552 fidL 0.9300 (98s)
  H=3 nsup=16 w6a        pexact  69.40 cell  88.64 fidH 0.9569 fidL 0.9328 (99s)
  H=3 nsup=16 w5t        pexact  68.50 cell  88.33 fidH 0.9203 fidL 0.8936 (98s)
  H=3 nsup=16 w5c        pexact  67.80 cell  88.06 fidH 0.9400 fidL 0.9167 (95s)
  H=3 nsup=16 w5a        pexact  68.60 cell  88.39 fidH 0.9364 fidL 0.9116 (98s)
  H=3 nsup=16 w4t        pexact  53.60 cell  86.15 fidH 0.8048 fidL 0.6190 (98s)
  H=3 nsup=16 w4c        pexact  65.60 cell  87.11 fidH 0.9197 fidL 0.8944 (98s)
  H=3 nsup=16 w4a        pexact  67.10 cell  87.94 fidH 0.9247 fidL 0.8958 (98s)
  H=3 nsup=16 w4g128     pexact  66.90 cell  87.67 fidH 0.9204 fidL 0.8948 (98s)
  H=3 nsup=16 w4g32      pexact  66.80 cell  87.77 fidH 0.9381 fidL 0.9162 (98s)
  H=3 nsup=16 w3t        pexact   0.00 cell  18.98 fidH 0.1720 fidL 0.2865 (98s)
  H=3 nsup=16 w3c        pexact  28.50 cell  79.18 fidH 0.7465 fidL 0.5694 (98s)
  H=3 nsup=16 w3a        pexact  64.20 cell  87.46 fidH 0.8386 fidL 0.7166 (98s)
  H=3 nsup=16 w3g32      pexact  63.50 cell  86.45 fidH 0.8963 fidL 0.8636 (97s)
  H=3 nsup=16 w2t        pexact   0.00 cell  10.25 fidH 0.0086 fidL 0.1587 (98s)
  H=3 nsup=16 w2c        pexact   0.00 cell  27.76 fidH 0.1434 fidL 0.2148 (99s)
  H=3 nsup=16 w2a        pexact   1.10 cell  60.42 fidH 0.4697 fidL 0.4646 (96s)
  H=3 nsup=16 w2g32      pexact   1.20 cell  57.72 fidH 0.4119 fidL 0.4400 (93s)
wrote /home/ubuntu/breadth/results/variant_trm_sudoku_mlp_w512_s0_19530.json 23 records
variant checkpoint /home/ubuntu/edgetrm_src/TinyRecursiveModels/checkpoints/Sudoku-extreme-1k-aug-1000-ACT-torch/trm_sudoku_mlp_w512_s1/step_19530: arch {'H_cycles': 3, 'H_layers': 0, 'L_cycles': 6, 'L_layers': 2, 'expansion': 4, 'forward_dtype': 'bfloat16', 'halt_exploration_prob': 0.1, 'halt_max_steps': 16, 'hidden_size': 512, 'loss': {'loss_type': 'stablemax_cross_entropy', 'name': 'losses@ACTLossHead'}, 'mlp_t': True, 'name': 'recursive_reasoning.trm@TinyRecursiveReasoningModel_ACTV1', 'no_ACT_continue': True, 'num_heads': 8, 'pos_encodings': 'none', 'puzzle_emb_len': 16, 'puzzle_emb_ndim': 512}
sudoku_mlp: 1000 puzzles, batch 256, H=[3], nsup=[16], quants=['fp32', 'w8t', 'w8c', 'w8a', 'w6t', 'w6c', 'w6a', 'w5t', 'w5c', 'w5a', 'w4t', 'w4c', 'w4a', 'w4g128', 'w4g32', 'w3t', 'w3c', 'w3a', 'w3g32', 'w2t', 'w2c', 'w2a', 'w2g32']; 0 records already
  H=3 nsup=16 fp32       pexact  66.10 cell  87.64
  H=3 nsup=16 w8t        pexact  65.80 cell  87.48 fidH 0.9783 fidL 0.9534 (106s)
  H=3 nsup=16 w8c        pexact  66.30 cell  87.70 fidH 0.9777 fidL 0.9532 (105s)
  H=3 nsup=16 w8a        pexact  66.80 cell  87.84 fidH 0.9769 fidL 0.9515 (107s)
  H=3 nsup=16 w6t        pexact  65.10 cell  87.23 fidH 0.9681 fidL 0.9387 (104s)
  H=3 nsup=16 w6c        pexact  65.80 cell  87.48 fidH 0.9768 fidL 0.9519 (107s)
  H=3 nsup=16 w6a        pexact  65.70 cell  87.50 fidH 0.9767 fidL 0.9510 (107s)
  H=3 nsup=16 w5t        pexact  66.50 cell  87.69 fidH 0.9589 fidL 0.9269 (107s)
  H=3 nsup=16 w5c        pexact  65.70 cell  87.67 fidH 0.9663 fidL 0.9358 (106s)
  H=3 nsup=16 w5a        pexact  66.90 cell  87.94 fidH 0.9679 fidL 0.9381 (107s)
  H=3 nsup=16 w4t        pexact  60.90 cell  85.58 fidH 0.9140 fidL 0.8605 (106s)
  H=3 nsup=16 w4c        pexact  65.80 cell  87.22 fidH 0.9529 fidL 0.9176 (106s)
  H=3 nsup=16 w4a        pexact  65.60 cell  87.53 fidH 0.9546 fidL 0.9192 (107s)
  H=3 nsup=16 w4g128     pexact  64.80 cell  87.00 fidH 0.9485 fidL 0.9117 (106s)
  H=3 nsup=16 w4g32      pexact  65.80 cell  87.62 fidH 0.9600 fidL 0.9267 (106s)
  H=3 nsup=16 w3t        pexact   0.20 cell  48.09 fidH 0.4231 fidL 0.4844 (105s)
  H=3 nsup=16 w3c        pexact  39.40 cell  79.64 fidH 0.8364 fidL 0.7293 (104s)
  H=3 nsup=16 w3a        pexact  61.70 cell  85.60 fidH 0.9009 fidL 0.8433 (105s)
  H=3 nsup=16 w3g32      pexact  61.50 cell  86.07 fidH 0.9213 fidL 0.8699 (105s)
  H=3 nsup=16 w2t        pexact   0.00 cell  10.71 fidH 0.0202 fidL 0.1750 (107s)
  H=3 nsup=16 w2c        pexact   0.00 cell  19.32 fidH 0.0796 fidL 0.1415 (105s)
  H=3 nsup=16 w2a        pexact   0.20 cell  55.69 fidH 0.4027 fidL 0.3914 (106s)
  H=3 nsup=16 w2g32      pexact   0.00 cell  47.19 fidH 0.3315 fidL 0.3513 (106s)
wrote /home/ubuntu/breadth/results/variant_trm_sudoku_mlp_w512_s1_19530.json 23 records
variant checkpoint /home/ubuntu/edgetrm_src/TinyRecursiveModels/checkpoints/Sudoku-extreme-1k-aug-1000-ACT-torch/trm_sudoku_mlp_w512_s1/step_26040: arch {'H_cycles': 3, 'H_layers': 0, 'L_cycles': 6, 'L_layers': 2, 'expansion': 4, 'forward_dtype': 'bfloat16', 'halt_exploration_prob': 0.1, 'halt_max_steps': 16, 'hidden_size': 512, 'loss': {'loss_type': 'stablemax_cross_entropy', 'name': 'losses@ACTLossHead'}, 'mlp_t': True, 'name': 'recursive_reasoning.trm@TinyRecursiveReasoningModel_ACTV1', 'no_ACT_continue': True, 'num_heads': 8, 'pos_encodings': 'none', 'puzzle_emb_len': 16, 'puzzle_emb_ndim': 512}
sudoku_mlp: 1000 puzzles, batch 256, H=[3], nsup=[16], quants=['fp32', 'w8t', 'w8c', 'w8a', 'w6t', 'w6c', 'w6a', 'w5t', 'w5c', 'w5a', 'w4t', 'w4c', 'w4a', 'w4g128', 'w4g32', 'w3t', 'w3c', 'w3a', 'w3g32', 'w2t', 'w2c', 'w2a', 'w2g32']; 0 records already
  H=3 nsup=16 fp32       pexact  73.90 cell  90.20
  H=3 nsup=16 w8t        pexact  73.30 cell  90.05 fidH 0.9677 fidL 0.9444 (98s)
  H=3 nsup=16 w8c        pexact  74.10 cell  90.28 fidH 0.9633 fidL 0.9371 (98s)
  H=3 nsup=16 w8a        pexact  73.90 cell  90.18 fidH 0.9626 fidL 0.9355 (76s)
  H=3 nsup=16 w6t        pexact  73.20 cell  90.02 fidH 0.9473 fidL 0.9249 (70s)
  H=3 nsup=16 w6c        pexact  73.80 cell  90.20 fidH 0.9608 fidL 0.9357 (70s)
  H=3 nsup=16 w6a        pexact  74.90 cell  90.35 fidH 0.9583 fidL 0.9332 (70s)
  H=3 nsup=16 w5t        pexact  73.50 cell  89.88 fidH 0.9311 fidL 0.9083 (70s)
  H=3 nsup=16 w5c        pexact  73.80 cell  90.07 fidH 0.9528 fidL 0.9324 (70s)
  H=3 nsup=16 w5a        pexact  73.40 cell  90.09 fidH 0.9504 fidL 0.9258 (70s)
  H=3 nsup=16 w4t        pexact  64.10 cell  86.07 fidH 0.8559 fidL 0.8010 (70s)
  H=3 nsup=16 w4c        pexact  72.40 cell  89.71 fidH 0.9251 fidL 0.9000 (70s)
  H=3 nsup=16 w4a        pexact  71.60 cell  89.51 fidH 0.9352 fidL 0.9106 (70s)
  H=3 nsup=16 w4g128     pexact  74.40 cell  90.40 fidH 0.9315 fidL 0.9097 (71s)
  H=3 nsup=16 w4g32      pexact  72.60 cell  89.76 fidH 0.9392 fidL 0.9162 (71s)
  H=3 nsup=16 w3t        pexact   0.00 cell  33.66 fidH 0.2281 fidL 0.2982 (71s)
  H=3 nsup=16 w3c        pexact  52.40 cell  81.33 fidH 0.7968 fidL 0.7315 (71s)
  H=3 nsup=16 w3a        pexact  64.50 cell  86.58 fidH 0.8766 fidL 0.8303 (71s)
  H=3 nsup=16 w3g32      pexact  69.90 cell  88.97 fidH 0.9030 fidL 0.8690 (71s)
  H=3 nsup=16 w2t        pexact   0.00 cell  11.11 fidH 0.0402 fidL 0.2031 (71s)
  H=3 nsup=16 w2c        pexact   0.00 cell  31.80 fidH 0.1456 fidL 0.1719 (71s)
  H=3 nsup=16 w2a        pexact   0.10 cell  45.28 fidH 0.2582 fidL 0.3462 (71s)
  H=3 nsup=16 w2g32      pexact   0.00 cell  44.43 fidH 0.2914 fidL 0.3804 (71s)
wrote /home/ubuntu/breadth/results/variant_trm_sudoku_mlp_w512_s1_26040.json 23 records
variant checkpoint /home/ubuntu/edgetrm_src/TinyRecursiveModels/checkpoints/Sudoku-extreme-1k-aug-1000-ACT-torch/trm_sudoku_mlp_w512_s1/step_32550: arch {'H_cycles': 3, 'H_layers': 0, 'L_cycles': 6, 'L_layers': 2, 'expansion': 4, 'forward_dtype': 'bfloat16', 'halt_exploration_prob': 0.1, 'halt_max_steps': 16, 'hidden_size': 512, 'loss': {'loss_type': 'stablemax_cross_entropy', 'name': 'losses@ACTLossHead'}, 'mlp_t': True, 'name': 'recursive_reasoning.trm@TinyRecursiveReasoningModel_ACTV1', 'no_ACT_continue': True, 'num_heads': 8, 'pos_encodings': 'none', 'puzzle_emb_len': 16, 'puzzle_emb_ndim': 512}
sudoku_mlp: 1000 puzzles, batch 256, H=[3], nsup=[16], quants=['fp32', 'w8t', 'w8c', 'w8a', 'w6t', 'w6c', 'w6a', 'w5t', 'w5c', 'w5a', 'w4t', 'w4c', 'w4a', 'w4g128', 'w4g32', 'w3t', 'w3c', 'w3a', 'w3g32', 'w2t', 'w2c', 'w2a', 'w2g32']; 0 records already
  H=3 nsup=16 fp32       pexact  79.30 cell  92.02
  H=3 nsup=16 w8t        pexact  79.30 cell  92.00 fidH 0.9482 fidL 0.9391 (71s)
  H=3 nsup=16 w8c        pexact  78.70 cell  91.88 fidH 0.9527 fidL 0.9388 (70s)
  H=3 nsup=16 w8a        pexact  80.10 cell  92.30 fidH 0.9553 fidL 0.9407 (71s)
  H=3 nsup=16 w6t        pexact  78.80 cell  91.95 fidH 0.9211 fidL 0.9233 (71s)
  H=3 nsup=16 w6c        pexact  78.70 cell  91.90 fidH 0.9421 fidL 0.9352 (71s)
  H=3 nsup=16 w6a        pexact  79.00 cell  92.04 fidH 0.9399 fidL 0.9326 (70s)
  H=3 nsup=16 w5t        pexact  79.40 cell  92.10 fidH 0.8961 fidL 0.9001 (70s)
  H=3 nsup=16 w5c        pexact  79.00 cell  91.95 fidH 0.9299 fidL 0.9305 (70s)
  H=3 nsup=16 w5a        pexact  78.30 cell  91.73 fidH 0.9278 fidL 0.9276 (70s)
  H=3 nsup=16 w4t        pexact  48.10 cell  79.49 fidH 0.7263 fidL 0.7197 (70s)
  H=3 nsup=16 w4c        pexact  79.20 cell  92.00 fidH 0.8997 fidL 0.9041 (70s)
  H=3 nsup=16 w4a        pexact  78.20 cell  91.62 fidH 0.9046 fidL 0.9080 (70s)
  H=3 nsup=16 w4g128     pexact  77.80 cell  91.50 fidH 0.9084 fidL 0.9116 (70s)
  H=3 nsup=16 w4g32      pexact  78.70 cell  91.78 fidH 0.9195 fidL 0.9219 (70s)
  H=3 nsup=16 w3t        pexact   0.00 cell  39.12 fidH 0.2089 fidL 0.2717 (70s)
  H=3 nsup=16 w3c        pexact  35.70 cell  74.18 fidH 0.6744 fidL 0.6898 (70s)
  H=3 nsup=16 w3a        pexact  68.70 cell  87.77 fidH 0.8305 fidL 0.8295 (70s)
  H=3 nsup=16 w3g32      pexact  72.10 cell  89.43 fidH 0.8705 fidL 0.8642 (70s)
  H=3 nsup=16 w2t        pexact   0.00 cell  11.11 fidH 0.0488 fidL 0.2116 (71s)
  H=3 nsup=16 w2c        pexact   0.00 cell  39.22 fidH 0.1562 fidL 0.1438 (70s)
  H=3 nsup=16 w2a        pexact   0.00 cell  39.29 fidH 0.1861 fidL 0.3016 (70s)
  H=3 nsup=16 w2g32      pexact   0.10 cell  43.28 fidH 0.2287 fidL 0.3299 (70s)
wrote /home/ubuntu/breadth/results/variant_trm_sudoku_mlp_w512_s1_32550.json 23 records
variant checkpoint /home/ubuntu/edgetrm_src/TinyRecursiveModels/checkpoints/Sudoku-extreme-1k-aug-1000-ACT-torch/trm_sudoku_mlp_w768_s0/step_13020: arch {'H_cycles': 3, 'H_layers': 0, 'L_cycles': 6, 'L_layers': 2, 'expansion': 4, 'forward_dtype': 'bfloat16', 'halt_exploration_prob': 0.1, 'halt_max_steps': 16, 'hidden_size': 768, 'loss': {'loss_type': 'stablemax_cross_entropy', 'name': 'losses@ACTLossHead'}, 'mlp_t': True, 'name': 'recursive_reasoning.trm@TinyRecursiveReasoningModel_ACTV1', 'no_ACT_continue': True, 'num_heads': 12, 'pos_encodings': 'none', 'puzzle_emb_len': 16, 'puzzle_emb_ndim': 768}
sudoku_mlp: 1000 puzzles, batch 256, H=[3], nsup=[16], quants=['fp32', 'w8t', 'w8c', 'w8a', 'w6t', 'w6c', 'w6a', 'w5t', 'w5c', 'w5a', 'w4t', 'w4c', 'w4a', 'w4g128', 'w4g32', 'w3t', 'w3c', 'w3a', 'w3g32', 'w2t', 'w2c', 'w2a', 'w2g32']; 0 records already
  H=3 nsup=16 fp32       pexact  64.70 cell  87.04
  H=3 nsup=16 w8t        pexact  65.50 cell  87.26 fidH 0.9754 fidL 0.9476 (121s)
  H=3 nsup=16 w8c        pexact  63.40 cell  86.70 fidH 0.9744 fidL 0.9450 (121s)
  H=3 nsup=16 w8a        pexact  64.60 cell  87.06 fidH 0.9774 fidL 0.9494 (121s)
  H=3 nsup=16 w6t        pexact  64.30 cell  87.05 fidH 0.9684 fidL 0.9351 (121s)
  H=3 nsup=16 w6c        pexact  63.50 cell  86.70 fidH 0.9686 fidL 0.9359 (121s)
  H=3 nsup=16 w6a        pexact  64.20 cell  86.82 fidH 0.9722 fidL 0.9416 (121s)
  H=3 nsup=16 w5t        pexact  63.60 cell  86.78 fidH 0.9616 fidL 0.9251 (121s)
  H=3 nsup=16 w5c        pexact  64.40 cell  86.96 fidH 0.9661 fidL 0.9312 (121s)
  H=3 nsup=16 w5a        pexact  65.00 cell  87.14 fidH 0.9697 fidL 0.9374 (121s)
  H=3 nsup=16 w4t        pexact  60.90 cell  85.62 fidH 0.9355 fidL 0.8843 (121s)
  H=3 nsup=16 w4c        pexact  62.60 cell  86.31 fidH 0.9543 fidL 0.9138 (122s)
  H=3 nsup=16 w4a        pexact  63.10 cell  86.37 fidH 0.9587 fidL 0.9210 (121s)
  H=3 nsup=16 w4g128     pexact  62.30 cell  86.30 fidH 0.9583 fidL 0.9181 (121s)
  H=3 nsup=16 w4g32      pexact  63.40 cell  86.63 fidH 0.9629 fidL 0.9268 (121s)
  H=3 nsup=16 w3t        pexact   2.20 cell  60.62 fidH 0.5311 fidL 0.4870 (121s)
  H=3 nsup=16 w3c        pexact  50.50 cell  82.10 fidH 0.8914 fidL 0.8145 (121s)
  H=3 nsup=16 w3a        pexact  58.90 cell  84.80 fidH 0.9218 fidL 0.8619 (121s)
  H=3 nsup=16 w3g32      pexact  59.00 cell  85.15 fidH 0.9287 fidL 0.8688 (121s)
  H=3 nsup=16 w2t        pexact   0.00 cell   9.85 fidH 0.0028 fidL 0.1097 (122s)
  H=3 nsup=16 w2c        pexact   0.00 cell  14.99 fidH 0.1291 fidL 0.1959 (121s)
  H=3 nsup=16 w2a        pexact   1.20 cell  60.95 fidH 0.5377 fidL 0.4649 (121s)
  H=3 nsup=16 w2g32      pexact   0.00 cell  55.34 fidH 0.4646 fidL 0.4220 (121s)
wrote /home/ubuntu/breadth/results/variant_trm_sudoku_mlp_w768_s0_13020.json 23 records
variant checkpoint /home/ubuntu/edgetrm_src/TinyRecursiveModels/checkpoints/Sudoku-extreme-1k-aug-1000-ACT-torch/trm_sudoku_mlp_w768_s0/step_19530: arch {'H_cycles': 3, 'H_layers': 0, 'L_cycles': 6, 'L_layers': 2, 'expansion': 4, 'forward_dtype': 'bfloat16', 'halt_exploration_prob': 0.1, 'halt_max_steps': 16, 'hidden_size': 768, 'loss': {'loss_type': 'stablemax_cross_entropy', 'name': 'losses@ACTLossHead'}, 'mlp_t': True, 'name': 'recursive_reasoning.trm@TinyRecursiveReasoningModel_ACTV1', 'no_ACT_continue': True, 'num_heads': 12, 'pos_encodings': 'none', 'puzzle_emb_len': 16, 'puzzle_emb_ndim': 768}
sudoku_mlp: 1000 puzzles, batch 256, H=[3], nsup=[16], quants=['fp32', 'w8t', 'w8c', 'w8a', 'w6t', 'w6c', 'w6a', 'w5t', 'w5c', 'w5a', 'w4t', 'w4c', 'w4a', 'w4g128', 'w4g32', 'w3t', 'w3c', 'w3a', 'w3g32', 'w2t', 'w2c', 'w2a', 'w2g32']; 0 records already
  H=3 nsup=16 fp32       pexact  76.00 cell  90.64
  H=3 nsup=16 w8t        pexact  75.70 cell  90.50 fidH 0.9720 fidL 0.9390 (131s)
  H=3 nsup=16 w8c        pexact  75.50 cell  90.57 fidH 0.9748 fidL 0.9421 (132s)
  H=3 nsup=16 w8a        pexact  75.50 cell  90.54 fidH 0.9743 fidL 0.9420 (132s)
  H=3 nsup=16 w6t        pexact  76.30 cell  90.76 fidH 0.9689 fidL 0.9355 (132s)
  H=3 nsup=16 w6c        pexact  75.50 cell  90.51 fidH 0.9704 fidL 0.9365 (132s)
  H=3 nsup=16 w6a        pexact  75.70 cell  90.64 fidH 0.9712 fidL 0.9379 (132s)
  H=3 nsup=16 w5t        pexact  76.40 cell  90.84 fidH 0.9539 fidL 0.9150 (132s)
  H=3 nsup=16 w5c        pexact  76.10 cell  90.84 fidH 0.9677 fidL 0.9345 (132s)
  H=3 nsup=16 w5a        pexact  75.80 cell  90.65 fidH 0.9679 fidL 0.9340 (132s)
  H=3 nsup=16 w4t        pexact  73.80 cell  89.75 fidH 0.9218 fidL 0.8638 (132s)
  H=3 nsup=16 w4c        pexact  76.30 cell  90.82 fidH 0.9595 fidL 0.9242 (132s)
  H=3 nsup=16 w4a        pexact  74.40 cell  90.15 fidH 0.9594 fidL 0.9233 (64s)
  H=3 nsup=16 w4g128     pexact  76.30 cell  90.75 fidH 0.9610 fidL 0.9259 (53s)
  H=3 nsup=16 w4g32      pexact  76.00 cell  90.77 fidH 0.9633 fidL 0.9296 (53s)
  H=3 nsup=16 w3t        pexact   0.00 cell  23.50 fidH 0.1794 fidL 0.2277 (53s)
  H=3 nsup=16 w3c        pexact  66.50 cell  86.99 fidH 0.8966 fidL 0.8251 (53s)
  H=3 nsup=16 w3a        pexact  75.00 cell  90.36 fidH 0.9315 fidL 0.8802 (53s)
  H=3 nsup=16 w3g32      pexact  74.50 cell  90.23 fidH 0.9430 fidL 0.8956 (53s)
  H=3 nsup=16 w2t        pexact   0.00 cell  11.11 fidH 0.0473 fidL 0.1756 (53s)
  H=3 nsup=16 w2c        pexact   0.00 cell  25.49 fidH 0.1215 fidL 0.1479 (53s)
  H=3 nsup=16 w2a        pexact   1.60 cell  55.99 fidH 0.4070 fidL 0.4236 (53s)
  H=3 nsup=16 w2g32      pexact   1.10 cell  53.74 fidH 0.3707 fidL 0.4019 (53s)
wrote /home/ubuntu/breadth/results/variant_trm_sudoku_mlp_w768_s0_19530.json 23 records
variant checkpoint /home/ubuntu/edgetrm_src/TinyRecursiveModels/checkpoints/Sudoku-extreme-1k-aug-1000-ACT-torch/trm_sudoku_mlp_w768_s0/step_26040: arch {'H_cycles': 3, 'H_layers': 0, 'L_cycles': 6, 'L_layers': 2, 'expansion': 4, 'forward_dtype': 'bfloat16', 'halt_exploration_prob': 0.1, 'halt_max_steps': 16, 'hidden_size': 768, 'loss': {'loss_type': 'stablemax_cross_entropy', 'name': 'losses@ACTLossHead'}, 'mlp_t': True, 'name': 'recursive_reasoning.trm@TinyRecursiveReasoningModel_ACTV1', 'no_ACT_continue': True, 'num_heads': 12, 'pos_encodings': 'none', 'puzzle_emb_len': 16, 'puzzle_emb_ndim': 768}
sudoku_mlp: 1000 puzzles, batch 256, H=[3], nsup=[16], quants=['fp32', 'w8t', 'w8c', 'w8a', 'w6t', 'w6c', 'w6a', 'w5t', 'w5c', 'w5a', 'w4t', 'w4c', 'w4a', 'w4g128', 'w4g32', 'w3t', 'w3c', 'w3a', 'w3g32', 'w2t', 'w2c', 'w2a', 'w2g32']; 0 records already
  H=3 nsup=16 fp32       pexact  80.10 cell  92.25
  H=3 nsup=16 w8t        pexact  79.70 cell  92.19 fidH 0.9746 fidL 0.9477 (53s)
  H=3 nsup=16 w8c        pexact  77.60 cell  91.40 fidH 0.9732 fidL 0.9424 (53s)
  H=3 nsup=16 w8a        pexact  78.70 cell  91.74 fidH 0.9730 fidL 0.9441 (53s)
  H=3 nsup=16 w6t        pexact  78.30 cell  91.67 fidH 0.9642 fidL 0.9367 (53s)
  H=3 nsup=16 w6c        pexact  78.00 cell  91.61 fidH 0.9667 fidL 0.9388 (53s)
  H=3 nsup=16 w6a        pexact  78.70 cell  91.80 fidH 0.9663 fidL 0.9375 (53s)
  H=3 nsup=16 w5t        pexact  78.60 cell  91.77 fidH 0.9468 fidL 0.9151 (53s)
  H=3 nsup=16 w5c        pexact  79.10 cell  91.89 fidH 0.9635 fidL 0.9370 (53s)
  H=3 nsup=16 w5a        pexact  77.70 cell  91.55 fidH 0.9628 fidL 0.9342 (53s)
  H=3 nsup=16 w4t        pexact  70.60 cell  88.30 fidH 0.8726 fidL 0.8233 (53s)
  H=3 nsup=16 w4c        pexact  79.90 cell  92.20 fidH 0.9522 fidL 0.9244 (53s)
  H=3 nsup=16 w4a        pexact  80.10 cell  92.22 fidH 0.9565 fidL 0.9307 (53s)
  H=3 nsup=16 w4g128     pexact  79.30 cell  91.93 fidH 0.9576 fidL 0.9304 (53s)
  H=3 nsup=16 w4g32      pexact  77.90 cell  91.55 fidH 0.9606 fidL 0.9327 (53s)
  H=3 nsup=16 w3t        pexact   0.00 cell  33.90 fidH 0.1541 fidL 0.2015 (53s)
  H=3 nsup=16 w3c        pexact  67.60 cell  87.04 fidH 0.8694 fidL 0.8191 (53s)
  H=3 nsup=16 w3a        pexact  75.40 cell  90.47 fidH 0.9200 fidL 0.8742 (53s)
  H=3 nsup=16 w3g32      pexact  75.30 cell  90.64 fidH 0.9309 fidL 0.8876 (53s)
  H=3 nsup=16 w2t        pexact   0.00 cell  11.11 fidH 0.0583 fidL 0.1821 (53s)
  H=3 nsup=16 w2c        pexact   0.00 cell  34.10 fidH 0.1340 fidL 0.1455 (53s)
  H=3 nsup=16 w2a        pexact   0.70 cell  53.14 fidH 0.3689 fidL 0.3902 (53s)
  H=3 nsup=16 w2g32      pexact   0.60 cell  52.13 fidH 0.3549 fidL 0.3935 (53s)
wrote /home/ubuntu/breadth/results/variant_trm_sudoku_mlp_w768_s0_26040.json 23 records
variant checkpoint /home/ubuntu/edgetrm_src/TinyRecursiveModels/checkpoints/Sudoku-extreme-1k-aug-1000-ACT-torch/trm_sudoku_attn_w256_s1/step_6510: arch {'H_cycles': 3, 'H_layers': 0, 'L_cycles': 6, 'L_layers': 2, 'expansion': 4, 'forward_dtype': 'bfloat16', 'halt_exploration_prob': 0.1, 'halt_max_steps': 16, 'hidden_size': 256, 'loss': {'loss_type': 'stablemax_cross_entropy', 'name': 'losses@ACTLossHead'}, 'mlp_t': False, 'name': 'recursive_reasoning.trm@TinyRecursiveReasoningModel_ACTV1', 'no_ACT_continue': True, 'num_heads': 4, 'pos_encodings': 'rope', 'puzzle_emb_len': 16, 'puzzle_emb_ndim': 256}
sudoku_attn: 1000 puzzles, batch 256, H=[3], nsup=[16], quants=['fp32', 'w8t', 'w8c', 'w8a', 'w6t', 'w6c', 'w6a', 'w5t', 'w5c', 'w5a', 'w4t', 'w4c', 'w4a', 'w4g128', 'w4g32', 'w3t', 'w3c', 'w3a', 'w3g32', 'w2t', 'w2c', 'w2a', 'w2g32']; 0 records already
  H=3 nsup=16 fp32       pexact   0.00 cell  61.36
  H=3 nsup=16 w8t        pexact   0.00 cell  61.32 fidH 0.9998 fidL 0.9999 (11s)
  H=3 nsup=16 w8c        pexact   0.00 cell  61.35 fidH 0.9999 fidL 1.0000 (10s)
  H=3 nsup=16 w8a        pexact   0.00 cell  61.34 fidH 0.9999 fidL 1.0000 (11s)
  H=3 nsup=16 w6t        pexact   0.00 cell  61.16 fidH 0.9964 fidL 0.9988 (10s)
  H=3 nsup=16 w6c        pexact   0.00 cell  61.23 fidH 0.9985 fidL 0.9995 (10s)
  H=3 nsup=16 w6a        pexact   0.00 cell  61.29 fidH 0.9986 fidL 0.9995 (11s)
  H=3 nsup=16 w5t        pexact   0.00 cell  60.64 fidH 0.9864 fidL 0.9947 (10s)
  H=3 nsup=16 w5c        pexact   0.00 cell  61.12 fidH 0.9931 fidL 0.9975 (10s)
  H=3 nsup=16 w5a        pexact   0.00 cell  61.06 fidH 0.9943 fidL 0.9980 (11s)
  H=3 nsup=16 w4t        pexact   0.00 cell  59.42 fidH 0.9396 fidL 0.9756 (10s)
  H=3 nsup=16 w4c        pexact   0.00 cell  60.36 fidH 0.9703 fidL 0.9902 (10s)
  H=3 nsup=16 w4a        pexact   0.00 cell  60.58 fidH 0.9775 fidL 0.9924 (11s)
  H=3 nsup=16 w4g128     pexact   0.00 cell  60.26 fidH 0.9763 fidL 0.9921 (11s)
  H=3 nsup=16 w4g32      pexact   0.00 cell  60.35 fidH 0.9791 fidL 0.9930 (11s)
  H=3 nsup=16 w3t        pexact   0.00 cell  45.18 fidH 0.5229 fidL 0.8028 (10s)
  H=3 nsup=16 w3c        pexact   0.00 cell  56.25 fidH 0.8540 fidL 0.9423 (11s)
  H=3 nsup=16 w3a        pexact   0.00 cell  57.15 fidH 0.8931 fidL 0.9586 (11s)
  H=3 nsup=16 w3g32      pexact   0.00 cell  57.69 fidH 0.8990 fidL 0.9626 (10s)
  H=3 nsup=16 w2t        pexact   0.00 cell   1.35 fidH -0.0296 fidL 0.1245 (10s)
  H=3 nsup=16 w2c        pexact   0.00 cell  18.38 fidH 0.1301 fidL 0.3998 (10s)
  H=3 nsup=16 w2a        pexact   0.00 cell  45.59 fidH 0.5014 fidL 0.7689 (11s)
  H=3 nsup=16 w2g32      pexact   0.00 cell  31.34 fidH 0.2663 fidL 0.6447 (11s)
wrote /home/ubuntu/breadth/results/variant_trm_sudoku_attn_w256_s1_6510.json 23 records
variant checkpoint /home/ubuntu/edgetrm_src/TinyRecursiveModels/checkpoints/Sudoku-extreme-1k-aug-1000-ACT-torch/trm_sudoku_attn_w256_s1/step_13020: arch {'H_cycles': 3, 'H_layers': 0, 'L_cycles': 6, 'L_layers': 2, 'expansion': 4, 'forward_dtype': 'bfloat16', 'halt_exploration_prob': 0.1, 'halt_max_steps': 16, 'hidden_size': 256, 'loss': {'loss_type': 'stablemax_cross_entropy', 'name': 'losses@ACTLossHead'}, 'mlp_t': False, 'name': 'recursive_reasoning.trm@TinyRecursiveReasoningModel_ACTV1', 'no_ACT_continue': True, 'num_heads': 4, 'pos_encodings': 'rope', 'puzzle_emb_len': 16, 'puzzle_emb_ndim': 256}
sudoku_attn: 1000 puzzles, batch 256, H=[3], nsup=[16], quants=['fp32', 'w8t', 'w8c', 'w8a', 'w6t', 'w6c', 'w6a', 'w5t', 'w5c', 'w5a', 'w4t', 'w4c', 'w4a', 'w4g128', 'w4g32', 'w3t', 'w3c', 'w3a', 'w3g32', 'w2t', 'w2c', 'w2a', 'w2g32']; 0 records already
  H=3 nsup=16 fp32       pexact   4.20 cell  68.43
  H=3 nsup=16 w8t        pexact   4.20 cell  68.46 fidH 0.9962 fidL 0.9963 (13s)
  H=3 nsup=16 w8c        pexact   4.30 cell  68.42 fidH 0.9966 fidL 0.9967 (23s)
  H=3 nsup=16 w8a        pexact   4.30 cell  68.42 fidH 0.9968 fidL 0.9969 (24s)
  H=3 nsup=16 w6t        pexact   4.40 cell  68.36 fidH 0.9897 fidL 0.9898 (23s)
  H=3 nsup=16 w6c        pexact   4.40 cell  68.44 fidH 0.9930 fidL 0.9931 (23s)
  H=3 nsup=16 w6a        pexact   4.00 cell  68.44 fidH 0.9918 fidL 0.9919 (24s)
  H=3 nsup=16 w5t        pexact   4.20 cell  67.61 fidH 0.9759 fidL 0.9753 (24s)
  H=3 nsup=16 w5c        pexact   3.90 cell  68.05 fidH 0.9834 fidL 0.9836 (23s)
  H=3 nsup=16 w5a        pexact   4.60 cell  68.25 fidH 0.9861 fidL 0.9862 (24s)
  H=3 nsup=16 w4t        pexact   2.00 cell  66.97 fidH 0.9467 fidL 0.9404 (24s)
  H=3 nsup=16 w4c        pexact   3.60 cell  67.69 fidH 0.9709 fidL 0.9682 (23s)
  H=3 nsup=16 w4a        pexact   4.50 cell  67.60 fidH 0.9696 fidL 0.9678 (24s)
  H=3 nsup=16 w4g128     pexact   3.70 cell  67.73 fidH 0.9745 fidL 0.9713 (24s)
  H=3 nsup=16 w4g32      pexact   3.50 cell  67.91 fidH 0.9781 fidL 0.9775 (24s)
  H=3 nsup=16 w3t        pexact   0.00 cell  55.68 fidH 0.7247 fidL 0.7460 (24s)
  H=3 nsup=16 w3c        pexact   2.10 cell  64.10 fidH 0.8757 fidL 0.8672 (24s)
  H=3 nsup=16 w3a        pexact   1.20 cell  66.36 fidH 0.9327 fidL 0.9263 (24s)
  H=3 nsup=16 w3g32      pexact   2.50 cell  66.06 fidH 0.9418 fidL 0.9319 (24s)
  H=3 nsup=16 w2t        pexact   0.00 cell   0.00 fidH -0.0206 fidL 0.0598 (24s)
  H=3 nsup=16 w2c        pexact   0.00 cell  13.12 fidH 0.0209 fidL 0.2567 (23s)
  H=3 nsup=16 w2a        pexact   0.00 cell  53.09 fidH 0.6421 fidL 0.6712 (23s)
  H=3 nsup=16 w2g32      pexact   0.00 cell  47.13 fidH 0.4878 fidL 0.5214 (24s)
wrote /home/ubuntu/breadth/results/variant_trm_sudoku_attn_w256_s1_13020.json 23 records
variant checkpoint /home/ubuntu/edgetrm_src/TinyRecursiveModels/checkpoints/Sudoku-extreme-1k-aug-1000-ACT-torch/trm_sudoku_attn_w256_s1/step_19530: arch {'H_cycles': 3, 'H_layers': 0, 'L_cycles': 6, 'L_layers': 2, 'expansion': 4, 'forward_dtype': 'bfloat16', 'halt_exploration_prob': 0.1, 'halt_max_steps': 16, 'hidden_size': 256, 'loss': {'loss_type': 'stablemax_cross_entropy', 'name': 'losses@ACTLossHead'}, 'mlp_t': False, 'name': 'recursive_reasoning.trm@TinyRecursiveReasoningModel_ACTV1', 'no_ACT_continue': True, 'num_heads': 4, 'pos_encodings': 'rope', 'puzzle_emb_len': 16, 'puzzle_emb_ndim': 256}
sudoku_attn: 1000 puzzles, batch 256, H=[3], nsup=[16], quants=['fp32', 'w8t', 'w8c', 'w8a', 'w6t', 'w6c', 'w6a', 'w5t', 'w5c', 'w5a', 'w4t', 'w4c', 'w4a', 'w4g128', 'w4g32', 'w3t', 'w3c', 'w3a', 'w3g32', 'w2t', 'w2c', 'w2a', 'w2g32']; 0 records already
  H=3 nsup=16 fp32       pexact   1.50 cell  68.89
  H=3 nsup=16 w8t        pexact   1.80 cell  68.86 fidH 0.9809 fidL 0.9799 (26s)
  H=3 nsup=16 w8c        pexact   1.60 cell  68.87 fidH 0.9841 fidL 0.9836 (26s)
  H=3 nsup=16 w8a        pexact   1.90 cell  68.85 fidH 0.9838 fidL 0.9832 (26s)
  H=3 nsup=16 w6t        pexact   1.80 cell  68.88 fidH 0.9731 fidL 0.9704 (26s)
  H=3 nsup=16 w6c        pexact   2.00 cell  68.72 fidH 0.9774 fidL 0.9758 (26s)
  H=3 nsup=16 w6a        pexact   2.00 cell  68.80 fidH 0.9778 fidL 0.9763 (26s)
  H=3 nsup=16 w5t        pexact   1.70 cell  68.77 fidH 0.9649 fidL 0.9584 (26s)
  H=3 nsup=16 w5c        pexact   1.90 cell  68.83 fidH 0.9709 fidL 0.9675 (26s)
  H=3 nsup=16 w5a        pexact   2.20 cell  68.69 fidH 0.9725 fidL 0.9689 (26s)
  H=3 nsup=16 w4t        pexact   2.00 cell  67.70 fidH 0.9332 fidL 0.9110 (26s)
  H=3 nsup=16 w4c        pexact   1.70 cell  68.70 fidH 0.9601 fidL 0.9509 (26s)
  H=3 nsup=16 w4a        pexact   0.70 cell  68.35 fidH 0.9622 fidL 0.9546 (26s)
  H=3 nsup=16 w4g128     pexact   1.80 cell  68.71 fidH 0.9603 fidL 0.9524 (26s)
  H=3 nsup=16 w4g32      pexact   1.20 cell  68.30 fidH 0.9619 fidL 0.9566 (26s)
  H=3 nsup=16 w3t        pexact   0.00 cell  48.80 fidH 0.5922 fidL 0.6076 (26s)
  H=3 nsup=16 w3c        pexact   0.80 cell  65.56 fidH 0.8724 fidL 0.8311 (25s)
  H=3 nsup=16 w3a        pexact   0.50 cell  65.60 fidH 0.8866 fidL 0.8573 (26s)
  H=3 nsup=16 w3g32      pexact   2.70 cell  67.59 fidH 0.9302 fidL 0.9091 (26s)
  H=3 nsup=16 w2t        pexact   0.00 cell   0.00 fidH -0.0322 fidL -0.0226 (26s)
  H=3 nsup=16 w2c        pexact   0.00 cell  11.11 fidH 0.0287 fidL 0.1832 (26s)
  H=3 nsup=16 w2a        pexact   0.00 cell  50.96 fidH 0.5803 fidL 0.5292 (26s)
  H=3 nsup=16 w2g32      pexact   0.00 cell  39.70 fidH 0.2137 fidL 0.3321 (26s)
wrote /home/ubuntu/breadth/results/variant_trm_sudoku_attn_w256_s1_19530.json 23 records
variant checkpoint /home/ubuntu/edgetrm_src/TinyRecursiveModels/checkpoints/Sudoku-extreme-1k-aug-1000-ACT-torch/trm_sudoku_attn_w256_s1/step_26040: arch {'H_cycles': 3, 'H_layers': 0, 'L_cycles': 6, 'L_layers': 2, 'expansion': 4, 'forward_dtype': 'bfloat16', 'halt_exploration_prob': 0.1, 'halt_max_steps': 16, 'hidden_size': 256, 'loss': {'loss_type': 'stablemax_cross_entropy', 'name': 'losses@ACTLossHead'}, 'mlp_t': False, 'name': 'recursive_reasoning.trm@TinyRecursiveReasoningModel_ACTV1', 'no_ACT_continue': True, 'num_heads': 4, 'pos_encodings': 'rope', 'puzzle_emb_len': 16, 'puzzle_emb_ndim': 256}
sudoku_attn: 1000 puzzles, batch 256, H=[3], nsup=[16], quants=['fp32', 'w8t', 'w8c', 'w8a', 'w6t', 'w6c', 'w6a', 'w5t', 'w5c', 'w5a', 'w4t', 'w4c', 'w4a', 'w4g128', 'w4g32', 'w3t', 'w3c', 'w3a', 'w3g32', 'w2t', 'w2c', 'w2a', 'w2g32']; 0 records already
  H=3 nsup=16 fp32       pexact   1.60 cell  68.84
  H=3 nsup=16 w8t        pexact   1.70 cell  68.90 fidH 0.9850 fidL 0.9826 (26s)
  H=3 nsup=16 w8c        pexact   2.20 cell  68.93 fidH 0.9898 fidL 0.9884 (26s)
  H=3 nsup=16 w8a        pexact   1.40 cell  68.84 fidH 0.9893 fidL 0.9877 (26s)
  H=3 nsup=16 w6t        pexact   1.80 cell  68.70 fidH 0.9719 fidL 0.9673 (26s)
  H=3 nsup=16 w6c        pexact   1.50 cell  68.76 fidH 0.9812 fidL 0.9790 (26s)
  H=3 nsup=16 w6a        pexact   2.10 cell  68.81 fidH 0.9787 fidL 0.9760 (26s)
  H=3 nsup=16 w5t        pexact   1.50 cell  68.49 fidH 0.9633 fidL 0.9527 (26s)
  H=3 nsup=16 w5c        pexact   1.10 cell  68.71 fidH 0.9724 fidL 0.9679 (26s)
  H=3 nsup=16 w5a        pexact   2.40 cell  68.93 fidH 0.9734 fidL 0.9691 (26s)
  H=3 nsup=16 w4t        pexact   1.60 cell  66.48 fidH 0.9066 fidL 0.8694 (26s)
  H=3 nsup=16 w4c        pexact   2.20 cell  68.71 fidH 0.9575 fidL 0.9444 (25s)
  H=3 nsup=16 w4a        pexact   2.10 cell  68.92 fidH 0.9648 fidL 0.9548 (26s)
  H=3 nsup=16 w4g128     pexact   1.40 cell  68.33 fidH 0.9637 fidL 0.9533 (26s)
  H=3 nsup=16 w4g32      pexact   1.80 cell  68.65 fidH 0.9621 fidL 0.9543 (26s)
  H=3 nsup=16 w3t        pexact   0.00 cell  27.55 fidH 0.1498 fidL 0.3430 (26s)
  H=3 nsup=16 w3c        pexact   1.60 cell  66.03 fidH 0.8804 fidL 0.8329 (26s)
  H=3 nsup=16 w3a        pexact   1.50 cell  66.85 fidH 0.9160 fidL 0.8788 (26s)
  H=3 nsup=16 w3g32      pexact   1.90 cell  68.40 fidH 0.9438 fidL 0.9162 (26s)
  H=3 nsup=16 w2t        pexact   0.00 cell   0.00 fidH -0.0615 fidL 0.0428 (26s)
  H=3 nsup=16 w2c        pexact   0.00 cell  10.77 fidH -0.0196 fidL 0.1730 (26s)
  H=3 nsup=16 w2a        pexact   0.00 cell  46.53 fidH 0.3858 fidL 0.4656 (26s)
  H=3 nsup=16 w2g32      pexact   0.00 cell  21.14 fidH 0.0710 fidL 0.2876 (26s)
wrote /home/ubuntu/breadth/results/variant_trm_sudoku_attn_w256_s1_26040.json 23 records
variant checkpoint /home/ubuntu/edgetrm_src/TinyRecursiveModels/checkpoints/Sudoku-extreme-1k-aug-1000-ACT-torch/trm_sudoku_attn_w256_s1/step_32550: arch {'H_cycles': 3, 'H_layers': 0, 'L_cycles': 6, 'L_layers': 2, 'expansion': 4, 'forward_dtype': 'bfloat16', 'halt_exploration_prob': 0.1, 'halt_max_steps': 16, 'hidden_size': 256, 'loss': {'loss_type': 'stablemax_cross_entropy', 'name': 'losses@ACTLossHead'}, 'mlp_t': False, 'name': 'recursive_reasoning.trm@TinyRecursiveReasoningModel_ACTV1', 'no_ACT_continue': True, 'num_heads': 4, 'pos_encodings': 'rope', 'puzzle_emb_len': 16, 'puzzle_emb_ndim': 256}
sudoku_attn: 1000 puzzles, batch 256, H=[3], nsup=[16], quants=['fp32', 'w8t', 'w8c', 'w8a', 'w6t', 'w6c', 'w6a', 'w5t', 'w5c', 'w5a', 'w4t', 'w4c', 'w4a', 'w4g128', 'w4g32', 'w3t', 'w3c', 'w3a', 'w3g32', 'w2t', 'w2c', 'w2a', 'w2g32']; 0 records already
  H=3 nsup=16 fp32       pexact   2.10 cell  68.52
  H=3 nsup=16 w8t        pexact   1.80 cell  68.65 fidH 0.9771 fidL 0.9728 (23s)
  H=3 nsup=16 w8c        pexact   1.70 cell  68.42 fidH 0.9814 fidL 0.9779 (23s)
  H=3 nsup=16 w8a        pexact   2.10 cell  68.38 fidH 0.9797 fidL 0.9761 (24s)
  H=3 nsup=16 w6t        pexact   1.10 cell  68.40 fidH 0.9605 fidL 0.9518 (23s)
  H=3 nsup=16 w6c        pexact   1.80 cell  68.47 fidH 0.9685 fidL 0.9627 (23s)
  H=3 nsup=16 w6a        pexact   2.40 cell  68.59 fidH 0.9703 fidL 0.9646 (23s)
  H=3 nsup=16 w5t        pexact   2.10 cell  68.58 fidH 0.9426 fidL 0.9225 (23s)
  H=3 nsup=16 w5c        pexact   1.50 cell  68.22 fidH 0.9571 fidL 0.9473 (23s)
  H=3 nsup=16 w5a        pexact   1.80 cell  68.49 fidH 0.9535 fidL 0.9428 (24s)
  H=3 nsup=16 w4t        pexact   1.10 cell  65.62 fidH 0.8795 fidL 0.8088 (23s)
  H=3 nsup=16 w4c        pexact   2.00 cell  68.60 fidH 0.9441 fidL 0.9226 (23s)
  H=3 nsup=16 w4a        pexact   1.50 cell  68.50 fidH 0.9491 fidL 0.9321 (24s)
  H=3 nsup=16 w4g128     pexact   1.80 cell  68.34 fidH 0.9488 fidL 0.9312 (23s)
  H=3 nsup=16 w4g32      pexact   1.70 cell  68.85 fidH 0.9546 fidL 0.9397 (24s)
  H=3 nsup=16 w3t        pexact   0.00 cell  12.64 fidH 0.0209 fidL 0.1784 (23s)
  H=3 nsup=16 w3c        pexact   0.90 cell  63.81 fidH 0.8210 fidL 0.7267 (23s)
  H=3 nsup=16 w3a        pexact   0.90 cell  65.90 fidH 0.8884 fidL 0.8294 (23s)
  H=3 nsup=16 w3g32      pexact   1.20 cell  67.50 fidH 0.9175 fidL 0.8723 (23s)
  H=3 nsup=16 w2t        pexact   0.00 cell   0.00 fidH -0.0731 fidL 0.0672 (23s)
  H=3 nsup=16 w2c        pexact   0.00 cell   0.00 fidH -0.0668 fidL 0.1302 (23s)
  H=3 nsup=16 w2a        pexact   0.00 cell  44.14 fidH 0.3780 fidL 0.4617 (24s)
  H=3 nsup=16 w2g32      pexact   0.00 cell  31.65 fidH 0.1381 fidL 0.2731 (23s)
wrote /home/ubuntu/breadth/results/variant_trm_sudoku_attn_w256_s1_32550.json 23 records
variant checkpoint /home/ubuntu/edgetrm_src/TinyRecursiveModels/checkpoints/Sudoku-extreme-1k-aug-1000-ACT-torch/trm_sudoku_attn_w256_s1/step_39060: arch {'H_cycles': 3, 'H_layers': 0, 'L_cycles': 6, 'L_layers': 2, 'expansion': 4, 'forward_dtype': 'bfloat16', 'halt_exploration_prob': 0.1, 'halt_max_steps': 16, 'hidden_size': 256, 'loss': {'loss_type': 'stablemax_cross_entropy', 'name': 'losses@ACTLossHead'}, 'mlp_t': False, 'name': 'recursive_reasoning.trm@TinyRecursiveReasoningModel_ACTV1', 'no_ACT_continue': True, 'num_heads': 4, 'pos_encodings': 'rope', 'puzzle_emb_len': 16, 'puzzle_emb_ndim': 256}
sudoku_attn: 1000 puzzles, batch 256, H=[3], nsup=[16], quants=['fp32', 'w8t', 'w8c', 'w8a', 'w6t', 'w6c', 'w6a', 'w5t', 'w5c', 'w5a', 'w4t', 'w4c', 'w4a', 'w4g128', 'w4g32', 'w3t', 'w3c', 'w3a', 'w3g32', 'w2t', 'w2c', 'w2a', 'w2g32']; 0 records already
  H=3 nsup=16 fp32       pexact   1.80 cell  68.53
  H=3 nsup=16 w8t        pexact   2.20 cell  68.37 fidH 0.9753 fidL 0.9671 (26s)
  H=3 nsup=16 w8c        pexact   1.80 cell  68.36 fidH 0.9807 fidL 0.9742 (26s)
  H=3 nsup=16 w8a        pexact   1.70 cell  68.34 fidH 0.9805 fidL 0.9741 (25s)
  H=3 nsup=16 w6t        pexact   3.00 cell  68.86 fidH 0.9618 fidL 0.9471 (26s)
  H=3 nsup=16 w6c        pexact   1.90 cell  68.25 fidH 0.9705 fidL 0.9619 (26s)
  H=3 nsup=16 w6a        pexact   2.10 cell  68.40 fidH 0.9742 fidL 0.9655 (26s)
  H=3 nsup=16 w5t        pexact   2.40 cell  68.40 fidH 0.9474 fidL 0.9187 (26s)
  H=3 nsup=16 w5c        pexact   1.80 cell  68.69 fidH 0.9644 fidL 0.9491 (26s)
  H=3 nsup=16 w5a        pexact   1.60 cell  68.16 fidH 0.9613 fidL 0.9469 (26s)
  H=3 nsup=16 w4t        pexact   1.20 cell  66.07 fidH 0.8997 fidL 0.8229 (26s)
  H=3 nsup=16 w4c        pexact   1.80 cell  68.19 fidH 0.9465 fidL 0.9156 (26s)
  H=3 nsup=16 w4a        pexact   1.20 cell  68.01 fidH 0.9493 fidL 0.9227 (26s)
  H=3 nsup=16 w4g128     pexact   2.90 cell  68.03 fidH 0.9452 fidL 0.9184 (26s)
  H=3 nsup=16 w4g32      pexact   1.70 cell  68.22 fidH 0.9586 fidL 0.9389 (26s)
  H=3 nsup=16 w3t        pexact   0.00 cell   6.99 fidH -0.0115 fidL 0.2380 (26s)
  H=3 nsup=16 w3c        pexact   1.30 cell  64.59 fidH 0.8221 fidL 0.6941 (26s)
  H=3 nsup=16 w3a        pexact   0.90 cell  66.40 fidH 0.9049 fidL 0.8363 (26s)
  H=3 nsup=16 w3g32      pexact   2.30 cell  68.03 fidH 0.9267 fidL 0.8666 (26s)
  H=3 nsup=16 w2t        pexact   0.00 cell   0.00 fidH -0.0568 fidL 0.1144 (26s)
  H=3 nsup=16 w2c        pexact   0.00 cell   0.00 fidH -0.0441 fidL 0.1474 (26s)
  H=3 nsup=16 w2a        pexact   0.00 cell  46.42 fidH 0.3977 fidL 0.4182 (25s)
  H=3 nsup=16 w2g32      pexact   0.00 cell  37.39 fidH 0.1766 fidL 0.3287 (26s)
wrote /home/ubuntu/breadth/results/variant_trm_sudoku_attn_w256_s1_39060.json 23 records
variant checkpoint /home/ubuntu/edgetrm_src/TinyRecursiveModels/checkpoints/Sudoku-extreme-1k-aug-1000-ACT-torch/trm_sudoku_attn_w256_s1/step_45570: arch {'H_cycles': 3, 'H_layers': 0, 'L_cycles': 6, 'L_layers': 2, 'expansion': 4, 'forward_dtype': 'bfloat16', 'halt_exploration_prob': 0.1, 'halt_max_steps': 16, 'hidden_size': 256, 'loss': {'loss_type': 'stablemax_cross_entropy', 'name': 'losses@ACTLossHead'}, 'mlp_t': False, 'name': 'recursive_reasoning.trm@TinyRecursiveReasoningModel_ACTV1', 'no_ACT_continue': True, 'num_heads': 4, 'pos_encodings': 'rope', 'puzzle_emb_len': 16, 'puzzle_emb_ndim': 256}
sudoku_attn: 1000 puzzles, batch 256, H=[3], nsup=[16], quants=['fp32', 'w8t', 'w8c', 'w8a', 'w6t', 'w6c', 'w6a', 'w5t', 'w5c', 'w5a', 'w4t', 'w4c', 'w4a', 'w4g128', 'w4g32', 'w3t', 'w3c', 'w3a', 'w3g32', 'w2t', 'w2c', 'w2a', 'w2g32']; 0 records already
  H=3 nsup=16 fp32       pexact  11.20 cell  70.93
  H=3 nsup=16 w8t        pexact  10.90 cell  70.90 fidH 0.9865 fidL 0.9776 (26s)
  H=3 nsup=16 w8c        pexact  10.40 cell  70.83 fidH 0.9908 fidL 0.9843 (26s)
  H=3 nsup=16 w8a        pexact  11.90 cell  70.94 fidH 0.9919 fidL 0.9860 (26s)
  H=3 nsup=16 w6t        pexact  10.70 cell  70.90 fidH 0.9776 fidL 0.9609 (26s)
  H=3 nsup=16 w6c        pexact  11.30 cell  71.00 fidH 0.9831 fidL 0.9721 (26s)
  H=3 nsup=16 w6a        pexact  11.40 cell  71.03 fidH 0.9837 fidL 0.9723 (26s)
  H=3 nsup=16 w5t        pexact   9.00 cell  70.03 fidH 0.9565 fidL 0.9209 (26s)
  H=3 nsup=16 w5c        pexact  11.00 cell  70.76 fidH 0.9703 fidL 0.9497 (26s)
  H=3 nsup=16 w5a        pexact  11.30 cell  71.04 fidH 0.9754 fidL 0.9568 (26s)
  H=3 nsup=16 w4t        pexact   4.30 cell  65.97 fidH 0.8605 fidL 0.7373 (26s)
  H=3 nsup=16 w4c        pexact   9.10 cell  70.18 fidH 0.9512 fidL 0.9059 (26s)
  H=3 nsup=16 w4a        pexact  10.00 cell  70.58 fidH 0.9565 fidL 0.9188 (26s)
  H=3 nsup=16 w4g128     pexact  10.90 cell  70.66 fidH 0.9610 fidL 0.9265 (26s)
  H=3 nsup=16 w4g32      pexact  11.10 cell  70.81 fidH 0.9667 fidL 0.9395 (26s)
  H=3 nsup=16 w3t        pexact   0.00 cell   7.96 fidH -0.0162 fidL 0.1975 (26s)
  H=3 nsup=16 w3c        pexact   2.60 cell  62.66 fidH 0.7368 fidL 0.5658 (25s)
  H=3 nsup=16 w3a        pexact   4.00 cell  66.08 fidH 0.8686 fidL 0.7550 (26s)
  H=3 nsup=16 w3g32      pexact   6.70 cell  68.84 fidH 0.9203 fidL 0.8442 (26s)
  H=3 nsup=16 w2t        pexact   0.00 cell   0.00 fidH -0.0743 fidL 0.1048 (26s)
  H=3 nsup=16 w2c        pexact   0.00 cell  11.10 fidH -0.0060 fidL 0.2053 (26s)
  H=3 nsup=16 w2a        pexact   0.00 cell  44.87 fidH 0.2900 fidL 0.3088 (26s)
  H=3 nsup=16 w2g32      pexact   0.00 cell  14.65 fidH 0.0144 fidL 0.2200 (26s)
wrote /home/ubuntu/breadth/results/variant_trm_sudoku_attn_w256_s1_45570.json 23 records
variant checkpoint /home/ubuntu/edgetrm_src/TinyRecursiveModels/checkpoints/Sudoku-extreme-1k-aug-1000-ACT-torch/trm_sudoku_attn_w256_s1/step_52080: arch {'H_cycles': 3, 'H_layers': 0, 'L_cycles': 6, 'L_layers': 2, 'expansion': 4, 'forward_dtype': 'bfloat16', 'halt_exploration_prob': 0.1, 'halt_max_steps': 16, 'hidden_size': 256, 'loss': {'loss_type': 'stablemax_cross_entropy', 'name': 'losses@ACTLossHead'}, 'mlp_t': False, 'name': 'recursive_reasoning.trm@TinyRecursiveReasoningModel_ACTV1', 'no_ACT_continue': True, 'num_heads': 4, 'pos_encodings': 'rope', 'puzzle_emb_len': 16, 'puzzle_emb_ndim': 256}
sudoku_attn: 1000 puzzles, batch 256, H=[3], nsup=[16], quants=['fp32', 'w8t', 'w8c', 'w8a', 'w6t', 'w6c', 'w6a', 'w5t', 'w5c', 'w5a', 'w4t', 'w4c', 'w4a', 'w4g128', 'w4g32', 'w3t', 'w3c', 'w3a', 'w3g32', 'w2t', 'w2c', 'w2a', 'w2g32']; 0 records already
  H=3 nsup=16 fp32       pexact  14.00 cell  71.65
  H=3 nsup=16 w8t        pexact  13.90 cell  71.65 fidH 0.9932 fidL 0.9861 (26s)
  H=3 nsup=16 w8c        pexact  14.20 cell  71.70 fidH 0.9961 fidL 0.9913 (26s)
  H=3 nsup=16 w8a        pexact  13.80 cell  71.56 fidH 0.9956 fidL 0.9903 (26s)
  H=3 nsup=16 w6t        pexact  13.20 cell  71.36 fidH 0.9846 fidL 0.9695 (26s)
  H=3 nsup=16 w6c        pexact  13.80 cell  71.55 fidH 0.9908 fidL 0.9816 (26s)
  H=3 nsup=16 w6a        pexact  14.10 cell  71.71 fidH 0.9908 fidL 0.9818 (26s)
  H=3 nsup=16 w5t        pexact  12.20 cell  70.95 fidH 0.9683 fidL 0.9359 (26s)
  H=3 nsup=16 w5c        pexact  13.30 cell  71.39 fidH 0.9850 fidL 0.9697 (26s)
  H=3 nsup=16 w5a        pexact  13.30 cell  71.17 fidH 0.9855 fidL 0.9705 (26s)
  H=3 nsup=16 w4t        pexact   5.80 cell  65.42 fidH 0.8459 fidL 0.7241 (26s)
  H=3 nsup=16 w4c        pexact  11.30 cell  70.64 fidH 0.9598 fidL 0.9189 (25s)
  H=3 nsup=16 w4a        pexact  12.40 cell  70.97 fidH 0.9682 fidL 0.9350 (26s)
  H=3 nsup=16 w4g128     pexact  12.60 cell  70.84 fidH 0.9683 fidL 0.9372 (26s)
  H=3 nsup=16 w4g32      pexact  11.80 cell  70.97 fidH 0.9781 fidL 0.9551 (26s)
  H=3 nsup=16 w3t        pexact   0.00 cell   7.32 fidH -0.0086 fidL 0.2161 (26s)
  H=3 nsup=16 w3c        pexact   1.90 cell  62.10 fidH 0.7041 fidL 0.5585 (26s)
  H=3 nsup=16 w3a        pexact   6.70 cell  65.74 fidH 0.8294 fidL 0.6956 (26s)
  H=3 nsup=16 w3g32      pexact   7.50 cell  68.70 fidH 0.9178 fidL 0.8400 (26s)
  H=3 nsup=16 w2t        pexact   0.00 cell   0.00 fidH -0.0923 fidL 0.1602 (26s)
  H=3 nsup=16 w2c        pexact   0.00 cell   7.32 fidH 0.0028 fidL 0.2043 (26s)
  H=3 nsup=16 w2a        pexact   0.00 cell  38.82 fidH 0.1537 fidL 0.2157 (26s)
  H=3 nsup=16 w2g32      pexact   0.00 cell  36.44 fidH 0.1472 fidL 0.2736 (26s)
wrote /home/ubuntu/breadth/results/variant_trm_sudoku_attn_w256_s1_52080.json 23 records
variant checkpoint /home/ubuntu/edgetrm_src/TinyRecursiveModels/checkpoints/Sudoku-extreme-1k-aug-1000-ACT-torch/trm_sudoku_attn_w256_s1/step_58590: arch {'H_cycles': 3, 'H_layers': 0, 'L_cycles': 6, 'L_layers': 2, 'expansion': 4, 'forward_dtype': 'bfloat16', 'halt_exploration_prob': 0.1, 'halt_max_steps': 16, 'hidden_size': 256, 'loss': {'loss_type': 'stablemax_cross_entropy', 'name': 'losses@ACTLossHead'}, 'mlp_t': False, 'name': 'recursive_reasoning.trm@TinyRecursiveReasoningModel_ACTV1', 'no_ACT_continue': True, 'num_heads': 4, 'pos_encodings': 'rope', 'puzzle_emb_len': 16, 'puzzle_emb_ndim': 256}
sudoku_attn: 1000 puzzles, batch 256, H=[3], nsup=[16], quants=['fp32', 'w8t', 'w8c', 'w8a', 'w6t', 'w6c', 'w6a', 'w5t', 'w5c', 'w5a', 'w4t', 'w4c', 'w4a', 'w4g128', 'w4g32', 'w3t', 'w3c', 'w3a', 'w3g32', 'w2t', 'w2c', 'w2a', 'w2g32']; 0 records already
  H=3 nsup=16 fp32       pexact  15.70 cell  72.14
  H=3 nsup=16 w8t        pexact  15.90 cell  72.10 fidH 0.9942 fidL 0.9877 (26s)
  H=3 nsup=16 w8c        pexact  15.70 cell  72.13 fidH 0.9956 fidL 0.9903 (26s)
  H=3 nsup=16 w8a        pexact  16.30 cell  72.21 fidH 0.9961 fidL 0.9917 (26s)
  H=3 nsup=16 w6t        pexact  15.60 cell  72.14 fidH 0.9868 fidL 0.9734 (26s)
  H=3 nsup=16 w6c        pexact  16.20 cell  72.21 fidH 0.9932 fidL 0.9855 (26s)
  H=3 nsup=16 w6a        pexact  16.20 cell  72.20 fidH 0.9917 fidL 0.9830 (25s)
  H=3 nsup=16 w5t        pexact  14.10 cell  71.42 fidH 0.9636 fidL 0.9296 (26s)
  H=3 nsup=16 w5c        pexact  15.50 cell  72.00 fidH 0.9842 fidL 0.9696 (26s)
  H=3 nsup=16 w5a        pexact  15.80 cell  72.09 fidH 0.9869 fidL 0.9740 (26s)
  H=3 nsup=16 w4t        pexact   2.90 cell  64.48 fidH 0.7998 fidL 0.6651 (26s)
  H=3 nsup=16 w4c        pexact  15.20 cell  71.30 fidH 0.9583 fidL 0.9182 (26s)
  H=3 nsup=16 w4a        pexact  14.50 cell  71.52 fidH 0.9676 fidL 0.9351 (26s)
  H=3 nsup=16 w4g128     pexact  14.60 cell  71.77 fidH 0.9691 fidL 0.9384 (26s)
  H=3 nsup=16 w4g32      pexact  15.40 cell  71.87 fidH 0.9765 fidL 0.9528 (26s)
  H=3 nsup=16 w3t        pexact   0.00 cell  22.12 fidH 0.0657 fidL 0.2016 (26s)
  H=3 nsup=16 w3c        pexact   2.00 cell  62.22 fidH 0.7099 fidL 0.5721 (26s)
  H=3 nsup=16 w3a        pexact   6.40 cell  65.32 fidH 0.8241 fidL 0.6896 (26s)
  H=3 nsup=16 w3g32      pexact  10.40 cell  68.77 fidH 0.8978 fidL 0.8068 (26s)
  H=3 nsup=16 w2t        pexact   0.00 cell   0.00 fidH -0.0900 fidL 0.1879 (26s)
  H=3 nsup=16 w2c        pexact   0.00 cell   1.70 fidH -0.0187 fidL 0.1658 (26s)
  H=3 nsup=16 w2a        pexact   0.00 cell  44.57 fidH 0.2985 fidL 0.3154 (26s)
  H=3 nsup=16 w2g32      pexact   0.00 cell  38.47 fidH 0.1867 fidL 0.2552 (26s)
wrote /home/ubuntu/breadth/results/variant_trm_sudoku_attn_w256_s1_58590.json 23 records
variant checkpoint /home/ubuntu/edgetrm_src/TinyRecursiveModels/checkpoints/Sudoku-extreme-1k-aug-1000-ACT-torch/trm_sudoku_attn_w256_s1/step_65100: arch {'H_cycles': 3, 'H_layers': 0, 'L_cycles': 6, 'L_layers': 2, 'expansion': 4, 'forward_dtype': 'bfloat16', 'halt_exploration_prob': 0.1, 'halt_max_steps': 16, 'hidden_size': 256, 'loss': {'loss_type': 'stablemax_cross_entropy', 'name': 'losses@ACTLossHead'}, 'mlp_t': False, 'name': 'recursive_reasoning.trm@TinyRecursiveReasoningModel_ACTV1', 'no_ACT_continue': True, 'num_heads': 4, 'pos_encodings': 'rope', 'puzzle_emb_len': 16, 'puzzle_emb_ndim': 256}
sudoku_attn: 1000 puzzles, batch 256, H=[1, 2, 3, 4], nsup=[1, 2, 4, 8, 16], quants=['fp32', 'w8t', 'w8c', 'w8a', 'w6t', 'w6c', 'w6a', 'w5t', 'w5c', 'w5a', 'w4t', 'w4c', 'w4a', 'w4g128', 'w4g32', 'w3t', 'w3c', 'w3a', 'w3g32', 'w2t', 'w2c', 'w2a', 'w2g32']; 0 records already
  H=1 nsup=1 fp32       pexact   0.00 cell  43.58
  H=1 nsup=1 w8t        pexact   0.00 cell  43.52 fidH 0.9998 fidL 0.9998 (2s)
  H=1 nsup=1 w8c        pexact   0.00 cell  43.59 fidH 0.9999 fidL 1.0000 (1s)
  H=1 nsup=1 w8a        pexact   0.00 cell  43.62 fidH 0.9999 fidL 1.0000 (2s)
  H=1 nsup=1 w6t        pexact   0.00 cell  43.33 fidH 0.9966 fidL 0.9977 (2s)
  H=1 nsup=1 w6c        pexact   0.00 cell  43.32 fidH 0.9990 fidL 0.9994 (1s)
  H=1 nsup=1 w6a        pexact   0.00 cell  43.38 fidH 0.9992 fidL 0.9995 (2s)
  H=1 nsup=1 w5t        pexact   0.00 cell  43.41 fidH 0.9870 fidL 0.9905 (2s)
  H=1 nsup=1 w5c        pexact   0.00 cell  43.39 fidH 0.9959 fidL 0.9967 (1s)
  H=1 nsup=1 w5a        pexact   0.00 cell  43.88 fidH 0.9972 fidL 0.9981 (2s)
  H=1 nsup=1 w4t        pexact   0.00 cell  43.88 fidH 0.9446 fidL 0.9578 (1s)
  H=1 nsup=1 w4c        pexact   0.00 cell  43.45 fidH 0.9841 fidL 0.9880 (1s)
  H=1 nsup=1 w4a        pexact   0.00 cell  42.93 fidH 0.9880 fidL 0.9912 (2s)
  H=1 nsup=1 w4g128     pexact   0.00 cell  43.72 fidH 0.9886 fidL 0.9923 (1s)
  H=1 nsup=1 w4g32      pexact   0.00 cell  43.70 fidH 0.9927 fidL 0.9947 (2s)
  H=1 nsup=1 w3t        pexact   0.00 cell  21.73 fidH 0.6723 fidL 0.6834 (1s)
  H=1 nsup=1 w3c        pexact   0.00 cell  43.03 fidH 0.9065 fidL 0.9398 (2s)
  H=1 nsup=1 w3a        pexact   0.00 cell  42.38 fidH 0.9431 fidL 0.9602 (2s)
  H=1 nsup=1 w3g32      pexact   0.00 cell  41.49 fidH 0.9543 fidL 0.9669 (2s)
  H=1 nsup=1 w2t        pexact   0.00 cell   0.00 fidH 0.6348 fidL 0.6057 (1s)
  H=1 nsup=1 w2c        pexact   0.00 cell  11.11 fidH 0.6021 fidL 0.5663 (1s)
  H=1 nsup=1 w2a        pexact   0.00 cell  27.80 fidH 0.6964 fidL 0.7254 (2s)
  H=1 nsup=1 w2g32      pexact   0.00 cell  29.41 fidH 0.7298 fidL 0.7368 (2s)
  H=1 nsup=2 fp32       pexact   0.00 cell  56.48
  H=1 nsup=2 w8t        pexact   0.00 cell  56.28 fidH 0.9996 fidL 0.9992 (2s)
  H=1 nsup=2 w8c        pexact   0.00 cell  56.54 fidH 0.9999 fidL 0.9998 (2s)
  H=1 nsup=2 w8a        pexact   0.00 cell  56.56 fidH 0.9999 fidL 0.9998 (2s)
  H=1 nsup=2 w6t        pexact   0.00 cell  56.03 fidH 0.9941 fidL 0.9897 (2s)
  H=1 nsup=2 w6c        pexact   0.00 cell  56.19 fidH 0.9983 fidL 0.9966 (2s)
  H=1 nsup=2 w6a        pexact   0.00 cell  56.75 fidH 0.9986 fidL 0.9976 (2s)
  H=1 nsup=2 w5t        pexact   0.00 cell  55.62 fidH 0.9720 fidL 0.9588 (2s)
  H=1 nsup=2 w5c        pexact   0.00 cell  56.16 fidH 0.9920 fidL 0.9857 (2s)
  H=1 nsup=2 w5a        pexact   0.00 cell  56.04 fidH 0.9942 fidL 0.9902 (2s)
  H=1 nsup=2 w4t        pexact   0.00 cell  48.50 fidH 0.8509 fidL 0.8172 (2s)
  H=1 nsup=2 w4c        pexact   0.00 cell  54.24 fidH 0.9704 fidL 0.9498 (2s)
  H=1 nsup=2 w4a        pexact   0.00 cell  54.50 fidH 0.9703 fidL 0.9550 (2s)
  H=1 nsup=2 w4g128     pexact   0.00 cell  55.11 fidH 0.9803 fidL 0.9687 (2s)
  H=1 nsup=2 w4g32      pexact   0.00 cell  56.19 fidH 0.9861 fidL 0.9765 (2s)
  H=1 nsup=2 w3t        pexact   0.00 cell  35.98 fidH 0.2194 fidL 0.2819 (2s)
  H=1 nsup=2 w3c        pexact   0.00 cell  47.79 fidH 0.7544 fidL 0.7207 (2s)
  H=1 nsup=2 w3a        pexact   0.00 cell  50.60 fidH 0.8892 fidL 0.8389 (2s)
  H=1 nsup=2 w3g32      pexact   0.00 cell  52.35 fidH 0.9026 fidL 0.8694 (2s)
  H=1 nsup=2 w2t        pexact   0.00 cell   0.00 fidH 0.1580 fidL 0.2510 (2s)
  H=1 nsup=2 w2c        pexact   0.00 cell  11.11 fidH 0.2312 fidL 0.2598 (2s)
  H=1 nsup=2 w2a        pexact   0.00 cell  37.31 fidH 0.2680 fidL 0.3464 (2s)
  H=1 nsup=2 w2g32      pexact   0.00 cell  39.32 fidH 0.2793 fidL 0.3465 (2s)
  H=1 nsup=4 fp32       pexact   2.10 cell  65.90
  H=1 nsup=4 w8t        pexact   2.10 cell  65.87 fidH 0.9994 fidL 0.9987 (3s)
  H=1 nsup=4 w8c        pexact   2.10 cell  65.92 fidH 0.9999 fidL 0.9997 (3s)
  H=1 nsup=4 w8a        pexact   2.10 cell  65.89 fidH 0.9999 fidL 0.9997 (3s)
  H=1 nsup=4 w6t        pexact   2.00 cell  65.78 fidH 0.9919 fidL 0.9805 (3s)
  H=1 nsup=4 w6c        pexact   2.10 cell  65.88 fidH 0.9977 fidL 0.9943 (3s)
  H=1 nsup=4 w6a        pexact   2.10 cell  65.95 fidH 0.9984 fidL 0.9962 (3s)
  H=1 nsup=4 w5t        pexact   2.00 cell  65.92 fidH 0.9703 fidL 0.9294 (3s)
  H=1 nsup=4 w5c        pexact   2.00 cell  65.88 fidH 0.9902 fidL 0.9760 (3s)
  H=1 nsup=4 w5a        pexact   2.10 cell  65.86 fidH 0.9925 fidL 0.9818 (3s)
  H=1 nsup=4 w4t        pexact   0.00 cell  62.86 fidH 0.8487 fidL 0.6960 (3s)
  H=1 nsup=4 w4c        pexact   1.90 cell  65.66 fidH 0.9615 fidL 0.9104 (3s)
  H=1 nsup=4 w4a        pexact   2.10 cell  65.78 fidH 0.9690 fidL 0.9240 (3s)
  H=1 nsup=4 w4g128     pexact   2.00 cell  65.68 fidH 0.9728 fidL 0.9349 (3s)
  H=1 nsup=4 w4g32      pexact   2.10 cell  66.00 fidH 0.9813 fidL 0.9555 (3s)
  H=1 nsup=4 w3t        pexact   0.00 cell  40.03 fidH 0.1535 fidL 0.2430 (3s)
  H=1 nsup=4 w3c        pexact   0.00 cell  60.87 fidH 0.7692 fidL 0.6395 (3s)
  H=1 nsup=4 w3a        pexact   1.00 cell  64.33 fidH 0.8799 fidL 0.7232 (3s)
  H=1 nsup=4 w3g32      pexact   1.50 cell  65.12 fidH 0.9166 fidL 0.8100 (3s)
  H=1 nsup=4 w2t        pexact   0.00 cell   0.00 fidH -0.0025 fidL 0.2483 (3s)
  H=1 nsup=4 w2c        pexact   0.00 cell  11.11 fidH 0.0721 fidL 0.2661 (3s)
  H=1 nsup=4 w2a        pexact   0.00 cell  43.20 fidH 0.2102 fidL 0.2551 (3s)
  H=1 nsup=4 w2g32      pexact   0.00 cell  44.80 fidH 0.3231 fidL 0.3556 (3s)
  H=1 nsup=8 fp32       pexact   5.00 cell  69.70
  H=1 nsup=8 w8t        pexact   4.60 cell  69.59 fidH 0.9992 fidL 0.9981 (5s)
  H=1 nsup=8 w8c        pexact   4.90 cell  69.72 fidH 0.9997 fidL 0.9992 (5s)
  H=1 nsup=8 w8a        pexact   5.10 cell  69.72 fidH 0.9998 fidL 0.9995 (5s)
  H=1 nsup=8 w6t        pexact   4.90 cell  69.65 fidH 0.9916 fidL 0.9796 (5s)
  H=1 nsup=8 w6c        pexact   5.30 cell  69.73 fidH 0.9975 fidL 0.9933 (5s)
  H=1 nsup=8 w6a        pexact   5.20 cell  69.73 fidH 0.9978 fidL 0.9946 (5s)
  H=1 nsup=8 w5t        pexact   4.60 cell  68.83 fidH 0.9690 fidL 0.9326 (5s)
  H=1 nsup=8 w5c        pexact   5.00 cell  69.68 fidH 0.9908 fidL 0.9774 (5s)
  H=1 nsup=8 w5a        pexact   5.00 cell  69.52 fidH 0.9923 fidL 0.9812 (5s)
  H=1 nsup=8 w4t        pexact   1.90 cell  64.55 fidH 0.8483 fidL 0.7201 (5s)
  H=1 nsup=8 w4c        pexact   3.70 cell  68.61 fidH 0.9646 fidL 0.9213 (5s)
  H=1 nsup=8 w4a        pexact   4.30 cell  68.98 fidH 0.9731 fidL 0.9364 (5s)
  H=1 nsup=8 w4g128     pexact   4.10 cell  69.14 fidH 0.9750 fidL 0.9426 (5s)
  H=1 nsup=8 w4g32      pexact   4.20 cell  69.44 fidH 0.9829 fidL 0.9598 (5s)
  H=1 nsup=8 w3t        pexact   0.00 cell  36.48 fidH 0.1430 fidL 0.3090 (5s)
  H=1 nsup=8 w3c        pexact   0.40 cell  63.33 fidH 0.7568 fidL 0.6469 (5s)
  H=1 nsup=8 w3a        pexact   2.70 cell  66.02 fidH 0.8689 fidL 0.7468 (5s)
  H=1 nsup=8 w3g32      pexact   2.90 cell  67.21 fidH 0.9157 fidL 0.8262 (5s)
  H=1 nsup=8 w2t        pexact   0.00 cell   0.00 fidH -0.0618 fidL 0.2378 (5s)
  H=1 nsup=8 w2c        pexact   0.00 cell  11.11 fidH 0.0090 fidL 0.2338 (5s)
  H=1 nsup=8 w2a        pexact   0.00 cell  45.36 fidH 0.2696 fidL 0.3375 (5s)
  H=1 nsup=8 w2g32      pexact   0.00 cell  44.09 fidH 0.2286 fidL 0.3458 (5s)
  H=1 nsup=16 fp32       pexact  13.20 cell  72.08
  H=1 nsup=16 w8t        pexact  12.80 cell  71.97 fidH 0.9946 fidL 0.9887 (9s)
  H=1 nsup=16 w8c        pexact  13.20 cell  72.03 fidH 0.9958 fidL 0.9911 (9s)
  H=1 nsup=16 w8a        pexact  13.30 cell  72.01 fidH 0.9963 fidL 0.9923 (9s)
  H=1 nsup=16 w6t        pexact  13.20 cell  71.88 fidH 0.9813 fidL 0.9640 (9s)
  H=1 nsup=16 w6c        pexact  13.70 cell  72.00 fidH 0.9921 fidL 0.9834 (9s)
  H=1 nsup=16 w6a        pexact  13.60 cell  72.08 fidH 0.9917 fidL 0.9830 (10s)
  H=1 nsup=16 w5t        pexact  11.30 cell  70.73 fidH 0.9555 fidL 0.9182 (9s)
  H=1 nsup=16 w5c        pexact  13.40 cell  71.97 fidH 0.9838 fidL 0.9674 (9s)
  H=1 nsup=16 w5a        pexact  12.80 cell  71.75 fidH 0.9831 fidL 0.9669 (9s)
  H=1 nsup=16 w4t        pexact   1.70 cell  63.20 fidH 0.7808 fidL 0.6429 (9s)
  H=1 nsup=16 w4c        pexact   9.90 cell  70.74 fidH 0.9521 fidL 0.9080 (9s)
  H=1 nsup=16 w4a        pexact  11.50 cell  71.26 fidH 0.9644 fidL 0.9289 (10s)
  H=1 nsup=16 w4g128     pexact  11.20 cell  71.45 fidH 0.9626 fidL 0.9275 (9s)
  H=1 nsup=16 w4g32      pexact  11.60 cell  71.67 fidH 0.9737 fidL 0.9486 (9s)
  H=1 nsup=16 w3t        pexact   0.00 cell  13.83 fidH 0.0270 fidL 0.2246 (9s)
  H=1 nsup=16 w3c        pexact   1.10 cell  62.24 fidH 0.7209 fidL 0.6030 (9s)
  H=1 nsup=16 w3a        pexact   4.20 cell  66.26 fidH 0.8402 fidL 0.7212 (10s)
  H=1 nsup=16 w3g32      pexact   7.00 cell  68.64 fidH 0.9019 fidL 0.8173 (9s)
  H=1 nsup=16 w2t        pexact   0.00 cell   0.00 fidH -0.0623 fidL 0.2147 (9s)
  H=1 nsup=16 w2c        pexact   0.00 cell  11.26 fidH 0.0117 fidL 0.2028 (9s)
  H=1 nsup=16 w2a        pexact   0.00 cell  11.52 fidH 0.0125 fidL 0.2163 (9s)
  H=1 nsup=16 w2g32      pexact   0.00 cell  24.21 fidH 0.0667 fidL 0.2457 (9s)
  H=2 nsup=1 fp32       pexact   0.00 cell  56.48
  H=2 nsup=1 w8t        pexact   0.00 cell  56.28 fidH 0.9996 fidL 0.9992 (2s)
  H=2 nsup=1 w8c        pexact   0.00 cell  56.54 fidH 0.9999 fidL 0.9998 (2s)
  H=2 nsup=1 w8a        pexact   0.00 cell  56.56 fidH 0.9999 fidL 0.9998 (2s)
  H=2 nsup=1 w6t        pexact   0.00 cell  56.03 fidH 0.9941 fidL 0.9897 (2s)
  H=2 nsup=1 w6c        pexact   0.00 cell  56.19 fidH 0.9983 fidL 0.9966 (2s)
  H=2 nsup=1 w6a        pexact   0.00 cell  56.75 fidH 0.9986 fidL 0.9976 (2s)
  H=2 nsup=1 w5t        pexact   0.00 cell  55.62 fidH 0.9720 fidL 0.9588 (2s)
  H=2 nsup=1 w5c        pexact   0.00 cell  56.16 fidH 0.9920 fidL 0.9857 (2s)
  H=2 nsup=1 w5a        pexact   0.00 cell  56.04 fidH 0.9942 fidL 0.9902 (2s)
  H=2 nsup=1 w4t        pexact   0.00 cell  48.50 fidH 0.8509 fidL 0.8172 (2s)
  H=2 nsup=1 w4c        pexact   0.00 cell  54.24 fidH 0.9704 fidL 0.9498 (2s)
  H=2 nsup=1 w4a        pexact   0.00 cell  54.50 fidH 0.9703 fidL 0.9550 (2s)
  H=2 nsup=1 w4g128     pexact   0.00 cell  55.11 fidH 0.9803 fidL 0.9687 (2s)
  H=2 nsup=1 w4g32      pexact   0.00 cell  56.19 fidH 0.9861 fidL 0.9765 (2s)
  H=2 nsup=1 w3t        pexact   0.00 cell  35.98 fidH 0.2194 fidL 0.2819 (2s)
  H=2 nsup=1 w3c        pexact   0.00 cell  47.79 fidH 0.7544 fidL 0.7207 (2s)
  H=2 nsup=1 w3a        pexact   0.00 cell  50.60 fidH 0.8892 fidL 0.8389 (2s)
  H=2 nsup=1 w3g32      pexact   0.00 cell  52.35 fidH 0.9026 fidL 0.8694 (2s)
  H=2 nsup=1 w2t        pexact   0.00 cell   0.00 fidH 0.1580 fidL 0.2510 (2s)
  H=2 nsup=1 w2c        pexact   0.00 cell  11.11 fidH 0.2312 fidL 0.2598 (2s)
  H=2 nsup=1 w2a        pexact   0.00 cell  37.31 fidH 0.2680 fidL 0.3464 (2s)
  H=2 nsup=1 w2g32      pexact   0.00 cell  39.32 fidH 0.2793 fidL 0.3465 (2s)
  H=2 nsup=2 fp32       pexact   2.10 cell  65.90
  H=2 nsup=2 w8t        pexact   2.10 cell  65.87 fidH 0.9994 fidL 0.9987 (3s)
  H=2 nsup=2 w8c        pexact   2.10 cell  65.92 fidH 0.9999 fidL 0.9997 (3s)
  H=2 nsup=2 w8a        pexact   2.10 cell  65.89 fidH 0.9999 fidL 0.9997 (3s)
  H=2 nsup=2 w6t        pexact   2.00 cell  65.78 fidH 0.9919 fidL 0.9805 (3s)
  H=2 nsup=2 w6c        pexact   2.10 cell  65.88 fidH 0.9977 fidL 0.9943 (3s)
  H=2 nsup=2 w6a        pexact   2.10 cell  65.95 fidH 0.9984 fidL 0.9962 (3s)
  H=2 nsup=2 w5t        pexact   2.00 cell  65.92 fidH 0.9703 fidL 0.9294 (3s)
  H=2 nsup=2 w5c        pexact   2.00 cell  65.88 fidH 0.9902 fidL 0.9760 (3s)
  H=2 nsup=2 w5a        pexact   2.10 cell  65.86 fidH 0.9925 fidL 0.9818 (3s)
  H=2 nsup=2 w4t        pexact   0.00 cell  62.86 fidH 0.8487 fidL 0.6960 (3s)
  H=2 nsup=2 w4c        pexact   1.90 cell  65.66 fidH 0.9615 fidL 0.9104 (3s)
  H=2 nsup=2 w4a        pexact   2.10 cell  65.78 fidH 0.9690 fidL 0.9240 (3s)
  H=2 nsup=2 w4g128     pexact   2.00 cell  65.68 fidH 0.9728 fidL 0.9349 (3s)
  H=2 nsup=2 w4g32      pexact   2.10 cell  66.00 fidH 0.9813 fidL 0.9555 (3s)
  H=2 nsup=2 w3t        pexact   0.00 cell  40.03 fidH 0.1535 fidL 0.2430 (3s)
  H=2 nsup=2 w3c        pexact   0.00 cell  60.87 fidH 0.7692 fidL 0.6395 (3s)
  H=2 nsup=2 w3a        pexact   1.00 cell  64.33 fidH 0.8799 fidL 0.7232 (3s)
  H=2 nsup=2 w3g32      pexact   1.50 cell  65.12 fidH 0.9166 fidL 0.8100 (3s)
  H=2 nsup=2 w2t        pexact   0.00 cell   0.00 fidH -0.0025 fidL 0.2483 (3s)
  H=2 nsup=2 w2c        pexact   0.00 cell  11.11 fidH 0.0721 fidL 0.2661 (3s)
  H=2 nsup=2 w2a        pexact   0.00 cell  43.20 fidH 0.2102 fidL 0.2551 (3s)
  H=2 nsup=2 w2g32      pexact   0.00 cell  44.80 fidH 0.3231 fidL 0.3556 (3s)
  H=2 nsup=4 fp32       pexact   5.00 cell  69.70
  H=2 nsup=4 w8t        pexact   4.60 cell  69.59 fidH 0.9992 fidL 0.9981 (5s)
  H=2 nsup=4 w8c        pexact   4.90 cell  69.72 fidH 0.9997 fidL 0.9992 (5s)
  H=2 nsup=4 w8a        pexact   5.10 cell  69.72 fidH 0.9998 fidL 0.9995 (5s)
  H=2 nsup=4 w6t        pexact   4.90 cell  69.65 fidH 0.9916 fidL 0.9796 (5s)
  H=2 nsup=4 w6c        pexact   5.30 cell  69.73 fidH 0.9975 fidL 0.9933 (5s)
  H=2 nsup=4 w6a        pexact   5.20 cell  69.73 fidH 0.9978 fidL 0.9946 (5s)
  H=2 nsup=4 w5t        pexact   4.60 cell  68.83 fidH 0.9690 fidL 0.9326 (5s)
  H=2 nsup=4 w5c        pexact   5.00 cell  69.68 fidH 0.9908 fidL 0.9774 (5s)
  H=2 nsup=4 w5a        pexact   5.00 cell  69.52 fidH 0.9923 fidL 0.9812 (5s)
  H=2 nsup=4 w4t        pexact   1.90 cell  64.55 fidH 0.8483 fidL 0.7201 (5s)
  H=2 nsup=4 w4c        pexact   3.70 cell  68.61 fidH 0.9646 fidL 0.9213 (5s)
  H=2 nsup=4 w4a        pexact   4.30 cell  68.98 fidH 0.9731 fidL 0.9364 (5s)
  H=2 nsup=4 w4g128     pexact   4.10 cell  69.14 fidH 0.9750 fidL 0.9426 (5s)
  H=2 nsup=4 w4g32      pexact   4.20 cell  69.44 fidH 0.9829 fidL 0.9598 (5s)
  H=2 nsup=4 w3t        pexact   0.00 cell  36.48 fidH 0.1430 fidL 0.3090 (5s)
  H=2 nsup=4 w3c        pexact   0.40 cell  63.33 fidH 0.7568 fidL 0.6469 (5s)
  H=2 nsup=4 w3a        pexact   2.70 cell  66.02 fidH 0.8689 fidL 0.7468 (5s)
  H=2 nsup=4 w3g32      pexact   2.90 cell  67.21 fidH 0.9157 fidL 0.8262 (5s)
  H=2 nsup=4 w2t        pexact   0.00 cell   0.00 fidH -0.0618 fidL 0.2378 (5s)
  H=2 nsup=4 w2c        pexact   0.00 cell  11.11 fidH 0.0090 fidL 0.2338 (5s)
  H=2 nsup=4 w2a        pexact   0.00 cell  45.36 fidH 0.2696 fidL 0.3375 (5s)
  H=2 nsup=4 w2g32      pexact   0.00 cell  44.09 fidH 0.2286 fidL 0.3458 (5s)
  H=2 nsup=8 fp32       pexact  13.20 cell  72.08
  H=2 nsup=8 w8t        pexact  12.80 cell  71.97 fidH 0.9946 fidL 0.9887 (9s)
  H=2 nsup=8 w8c        pexact  13.20 cell  72.03 fidH 0.9958 fidL 0.9911 (9s)
  H=2 nsup=8 w8a        pexact  13.30 cell  72.01 fidH 0.9963 fidL 0.9923 (9s)
  H=2 nsup=8 w6t        pexact  13.20 cell  71.88 fidH 0.9813 fidL 0.9640 (9s)
  H=2 nsup=8 w6c        pexact  13.70 cell  72.00 fidH 0.9921 fidL 0.9834 (9s)
  H=2 nsup=8 w6a        pexact  13.60 cell  72.08 fidH 0.9917 fidL 0.9830 (10s)
  H=2 nsup=8 w5t        pexact  11.30 cell  70.73 fidH 0.9555 fidL 0.9182 (9s)
  H=2 nsup=8 w5c        pexact  13.40 cell  71.97 fidH 0.9838 fidL 0.9674 (9s)
  H=2 nsup=8 w5a        pexact  12.80 cell  71.75 fidH 0.9831 fidL 0.9669 (9s)
  H=2 nsup=8 w4t        pexact   1.70 cell  63.20 fidH 0.7808 fidL 0.6429 (9s)
  H=2 nsup=8 w4c        pexact   9.90 cell  70.74 fidH 0.9521 fidL 0.9080 (9s)
  H=2 nsup=8 w4a        pexact  11.50 cell  71.26 fidH 0.9644 fidL 0.9289 (10s)
  H=2 nsup=8 w4g128     pexact  11.20 cell  71.45 fidH 0.9626 fidL 0.9275 (9s)
  H=2 nsup=8 w4g32      pexact  11.60 cell  71.67 fidH 0.9737 fidL 0.9486 (9s)
  H=2 nsup=8 w3t        pexact   0.00 cell  13.83 fidH 0.0270 fidL 0.2246 (9s)
  H=2 nsup=8 w3c        pexact   1.10 cell  62.24 fidH 0.7209 fidL 0.6030 (10s)
  H=2 nsup=8 w3a        pexact   4.20 cell  66.26 fidH 0.8402 fidL 0.7212 (9s)
  H=2 nsup=8 w3g32      pexact   7.00 cell  68.64 fidH 0.9019 fidL 0.8173 (9s)
  H=2 nsup=8 w2t        pexact   0.00 cell   0.00 fidH -0.0623 fidL 0.2147 (9s)
  H=2 nsup=8 w2c        pexact   0.00 cell  11.26 fidH 0.0117 fidL 0.2028 (9s)
  H=2 nsup=8 w2a        pexact   0.00 cell  11.52 fidH 0.0125 fidL 0.2163 (9s)
  H=2 nsup=8 w2g32      pexact   0.00 cell  24.21 fidH 0.0667 fidL 0.2457 (9s)
  H=2 nsup=16 fp32       pexact  15.80 cell  72.58
  H=2 nsup=16 w8t        pexact  15.80 cell  72.52 fidH 0.9905 fidL 0.9832 (18s)
  H=2 nsup=16 w8c        pexact  15.90 cell  72.57 fidH 0.9931 fidL 0.9873 (18s)
  H=2 nsup=16 w8a        pexact  15.90 cell  72.60 fidH 0.9924 fidL 0.9864 (18s)
  H=2 nsup=16 w6t        pexact  15.80 cell  72.53 fidH 0.9783 fidL 0.9631 (18s)
  H=2 nsup=16 w6c        pexact  16.10 cell  72.66 fidH 0.9890 fidL 0.9804 (18s)
  H=2 nsup=16 w6a        pexact  16.00 cell  72.56 fidH 0.9870 fidL 0.9776 (18s)
  H=2 nsup=16 w5t        pexact  13.00 cell  71.24 fidH 0.9446 fidL 0.9072 (18s)
  H=2 nsup=16 w5c        pexact  15.60 cell  72.40 fidH 0.9780 fidL 0.9610 (18s)
  H=2 nsup=16 w5a        pexact  15.90 cell  72.34 fidH 0.9791 fidL 0.9635 (18s)
  H=2 nsup=16 w4t        pexact   1.90 cell  62.76 fidH 0.7600 fidL 0.6290 (18s)
  H=2 nsup=16 w4c        pexact  12.90 cell  71.18 fidH 0.9459 fidL 0.9043 (18s)
  H=2 nsup=16 w4a        pexact  13.30 cell  71.84 fidH 0.9583 fidL 0.9231 (18s)
  H=2 nsup=16 w4g128     pexact  13.70 cell  71.95 fidH 0.9573 fidL 0.9236 (18s)
  H=2 nsup=16 w4g32      pexact  14.90 cell  72.17 fidH 0.9686 fidL 0.9452 (18s)
  H=2 nsup=16 w3t        pexact   0.00 cell  11.74 fidH 0.0207 fidL 0.2131 (18s)
  H=2 nsup=16 w3c        pexact   1.70 cell  61.88 fidH 0.6888 fidL 0.5781 (13s)
  H=2 nsup=16 w3a        pexact   4.60 cell  66.25 fidH 0.8228 fidL 0.7051 (7s)
  H=2 nsup=16 w3g32      pexact   8.40 cell  69.05 fidH 0.8902 fidL 0.8086 (7s)
  H=2 nsup=16 w2t        pexact   0.00 cell   0.00 fidH -0.0646 fidL 0.2073 (7s)
  H=2 nsup=16 w2c        pexact   0.00 cell   1.54 fidH -0.0043 fidL 0.1836 (7s)
  H=2 nsup=16 w2a        pexact   0.00 cell  25.26 fidH 0.1002 fidL 0.2478 (10s)
  H=2 nsup=16 w2g32      pexact   0.00 cell  33.99 fidH 0.1244 fidL 0.2463 (18s)
  H=3 nsup=1 fp32       pexact   0.60 cell  65.01
  H=3 nsup=1 w8t        pexact   0.60 cell  65.03 fidH 0.9995 fidL 0.9987 (3s)
  H=3 nsup=1 w8c        pexact   0.60 cell  65.06 fidH 0.9999 fidL 0.9997 (3s)
  H=3 nsup=1 w8a        pexact   0.60 cell  65.04 fidH 0.9999 fidL 0.9997 (3s)
  H=3 nsup=1 w6t        pexact   0.40 cell  64.84 fidH 0.9928 fidL 0.9793 (3s)
  H=3 nsup=1 w6c        pexact   0.60 cell  65.00 fidH 0.9980 fidL 0.9939 (3s)
  H=3 nsup=1 w6a        pexact   0.70 cell  65.03 fidH 0.9985 fidL 0.9956 (3s)
  H=3 nsup=1 w5t        pexact   0.30 cell  64.54 fidH 0.9720 fidL 0.9189 (3s)
  H=3 nsup=1 w5c        pexact   0.40 cell  64.89 fidH 0.9908 fidL 0.9734 (3s)
  H=3 nsup=1 w5a        pexact   0.50 cell  64.84 fidH 0.9930 fidL 0.9804 (3s)
  H=3 nsup=1 w4t        pexact   0.00 cell  59.71 fidH 0.8345 fidL 0.6544 (3s)
  H=3 nsup=1 w4c        pexact   0.10 cell  64.22 fidH 0.9640 fidL 0.9065 (3s)
  H=3 nsup=1 w4a        pexact   0.10 cell  64.34 fidH 0.9700 fidL 0.9129 (3s)
  H=3 nsup=1 w4g128     pexact   0.10 cell  64.34 fidH 0.9759 fidL 0.9331 (3s)
  H=3 nsup=1 w4g32      pexact   0.40 cell  64.78 fidH 0.9834 fidL 0.9553 (3s)
  H=3 nsup=1 w3t        pexact   0.00 cell  39.93 fidH 0.1346 fidL 0.1944 (3s)
  H=3 nsup=1 w3c        pexact   0.00 cell  56.85 fidH 0.7551 fidL 0.5799 (3s)
  H=3 nsup=1 w3a        pexact   0.00 cell  61.98 fidH 0.8681 fidL 0.6950 (3s)
  H=3 nsup=1 w3g32      pexact   0.20 cell  62.94 fidH 0.9112 fidL 0.7779 (3s)
  H=3 nsup=1 w2t        pexact   0.00 cell   0.00 fidH 0.0134 fidL 0.1813 (3s)
  H=3 nsup=1 w2c        pexact   0.00 cell  11.11 fidH 0.1041 fidL 0.1766 (3s)
  H=3 nsup=1 w2a        pexact   0.00 cell  42.41 fidH 0.1630 fidL 0.2059 (3s)
  H=3 nsup=1 w2g32      pexact   0.00 cell  44.04 fidH 0.2664 fidL 0.2804 (3s)
  H=3 nsup=2 fp32       pexact   2.20 cell  68.01
  H=3 nsup=2 w8t        pexact   2.20 cell  67.97 fidH 0.9995 fidL 0.9988 (4s)
  H=3 nsup=2 w8c        pexact   2.20 cell  68.05 fidH 0.9999 fidL 0.9997 (4s)
  H=3 nsup=2 w8a        pexact   2.20 cell  67.99 fidH 0.9999 fidL 0.9997 (4s)
  H=3 nsup=2 w6t        pexact   2.20 cell  68.20 fidH 0.9932 fidL 0.9823 (4s)
  H=3 nsup=2 w6c        pexact   2.30 cell  68.15 fidH 0.9982 fidL 0.9949 (4s)
  H=3 nsup=2 w6a        pexact   2.30 cell  68.03 fidH 0.9987 fidL 0.9965 (4s)
  H=3 nsup=2 w5t        pexact   2.10 cell  67.86 fidH 0.9733 fidL 0.9356 (4s)
  H=3 nsup=2 w5c        pexact   2.20 cell  68.14 fidH 0.9921 fidL 0.9792 (4s)
  H=3 nsup=2 w5a        pexact   2.20 cell  68.11 fidH 0.9938 fidL 0.9839 (4s)
  H=3 nsup=2 w4t        pexact   1.30 cell  64.58 fidH 0.8557 fidL 0.7206 (4s)
  H=3 nsup=2 w4c        pexact   2.20 cell  67.44 fidH 0.9681 fidL 0.9222 (4s)
  H=3 nsup=2 w4a        pexact   2.40 cell  67.71 fidH 0.9746 fidL 0.9350 (4s)
  H=3 nsup=2 w4g128     pexact   2.20 cell  67.66 fidH 0.9777 fidL 0.9438 (4s)
  H=3 nsup=2 w4g32      pexact   2.20 cell  67.77 fidH 0.9851 fidL 0.9617 (4s)
  H=3 nsup=2 w3t        pexact   0.00 cell  40.21 fidH 0.1512 fidL 0.3115 (4s)
  H=3 nsup=2 w3c        pexact   0.30 cell  63.11 fidH 0.7651 fidL 0.6637 (4s)
  H=3 nsup=2 w3a        pexact   2.10 cell  65.71 fidH 0.8789 fidL 0.7513 (4s)
  H=3 nsup=2 w3g32      pexact   2.10 cell  66.61 fidH 0.9207 fidL 0.8270 (4s)
  H=3 nsup=2 w2t        pexact   0.00 cell   0.00 fidH -0.0567 fidL 0.2343 (4s)
  H=3 nsup=2 w2c        pexact   0.00 cell  11.11 fidH 0.0248 fidL 0.2462 (4s)
  H=3 nsup=2 w2a        pexact   0.00 cell  44.84 fidH 0.3342 fidL 0.3622 (4s)
  H=3 nsup=2 w2g32      pexact   0.00 cell  44.88 fidH 0.2932 fidL 0.3641 (4s)
  H=3 nsup=4 fp32       pexact  10.10 cell  71.36
  H=3 nsup=4 w8t        pexact  10.20 cell  71.31 fidH 0.9970 fidL 0.9932 (7s)
  H=3 nsup=4 w8c        pexact  10.40 cell  71.38 fidH 0.9984 fidL 0.9964 (7s)
  H=3 nsup=4 w8a        pexact  10.20 cell  71.40 fidH 0.9984 fidL 0.9965 (7s)
  H=3 nsup=4 w6t        pexact  10.50 cell  71.42 fidH 0.9864 fidL 0.9715 (7s)
  H=3 nsup=4 w6c        pexact  10.40 cell  71.32 fidH 0.9936 fidL 0.9854 (7s)
  H=3 nsup=4 w6a        pexact  11.00 cell  71.39 fidH 0.9937 fidL 0.9863 (7s)
  H=3 nsup=4 w5t        pexact   9.30 cell  70.18 fidH 0.9613 fidL 0.9238 (7s)
  H=3 nsup=4 w5c        pexact  10.80 cell  71.29 fidH 0.9855 fidL 0.9685 (7s)
  H=3 nsup=4 w5a        pexact  10.00 cell  71.12 fidH 0.9866 fidL 0.9716 (7s)
  H=3 nsup=4 w4t        pexact   2.10 cell  63.77 fidH 0.8075 fidL 0.6747 (7s)
  H=3 nsup=4 w4c        pexact   6.90 cell  69.90 fidH 0.9562 fidL 0.9113 (8s)
  H=3 nsup=4 w4a        pexact   9.10 cell  70.68 fidH 0.9680 fidL 0.9312 (7s)
  H=3 nsup=4 w4g128     pexact   7.90 cell  70.77 fidH 0.9667 fidL 0.9313 (8s)
  H=3 nsup=4 w4g32      pexact   8.80 cell  70.95 fidH 0.9763 fidL 0.9511 (7s)
  H=3 nsup=4 w3t        pexact   0.00 cell  32.33 fidH 0.1231 fidL 0.2694 (8s)
  H=3 nsup=4 w3c        pexact   1.00 cell  62.52 fidH 0.7359 fidL 0.6186 (7s)
  H=3 nsup=4 w3a        pexact   4.00 cell  66.17 fidH 0.8519 fidL 0.7302 (7s)
  H=3 nsup=4 w3g32      pexact   5.30 cell  68.17 fidH 0.9072 fidL 0.8189 (7s)
  H=3 nsup=4 w2t        pexact   0.00 cell   0.00 fidH -0.0621 fidL 0.2220 (7s)
  H=3 nsup=4 w2c        pexact   0.00 cell  11.11 fidH 0.0071 fidL 0.2150 (7s)
  H=3 nsup=4 w2a        pexact   0.00 cell  21.45 fidH 0.0595 fidL 0.2601 (7s)
  H=3 nsup=4 w2g32      pexact   0.00 cell  33.27 fidH 0.1134 fidL 0.2897 (7s)
  H=3 nsup=8 fp32       pexact  15.20 cell  72.47
  H=3 nsup=8 w8t        pexact  14.40 cell  72.33 fidH 0.9912 fidL 0.9835 (14s)
  H=3 nsup=8 w8c        pexact  14.60 cell  72.35 fidH 0.9931 fidL 0.9870 (14s)
  H=3 nsup=8 w8a        pexact  16.40 cell  72.56 fidH 0.9935 fidL 0.9880 (14s)
  H=3 nsup=8 w6t        pexact  14.90 cell  72.31 fidH 0.9781 fidL 0.9617 (14s)
  H=3 nsup=8 w6c        pexact  15.10 cell  72.42 fidH 0.9898 fidL 0.9811 (14s)
  H=3 nsup=8 w6a        pexact  15.30 cell  72.40 fidH 0.9887 fidL 0.9795 (14s)
  H=3 nsup=8 w5t        pexact  12.30 cell  71.01 fidH 0.9493 fidL 0.9128 (14s)
  H=3 nsup=8 w5c        pexact  14.90 cell  72.32 fidH 0.9823 fidL 0.9670 (14s)
  H=3 nsup=8 w5a        pexact  14.30 cell  72.06 fidH 0.9801 fidL 0.9644 (14s)
  H=3 nsup=8 w4t        pexact   2.00 cell  63.07 fidH 0.7671 fidL 0.6360 (14s)
  H=3 nsup=8 w4c        pexact  12.00 cell  71.12 fidH 0.9480 fidL 0.9056 (14s)
  H=3 nsup=8 w4a        pexact  13.30 cell  71.67 fidH 0.9622 fidL 0.9285 (14s)
  H=3 nsup=8 w4g128     pexact  12.40 cell  71.81 fidH 0.9578 fidL 0.9234 (14s)
  H=3 nsup=8 w4g32      pexact  13.70 cell  72.05 fidH 0.9712 fidL 0.9476 (14s)
  H=3 nsup=8 w3t        pexact   0.00 cell  11.60 fidH 0.0190 fidL 0.2080 (14s)
  H=3 nsup=8 w3c        pexact   1.40 cell  62.13 fidH 0.6996 fidL 0.5866 (13s)
  H=3 nsup=8 w3a        pexact   4.20 cell  66.46 fidH 0.8275 fidL 0.7103 (14s)
  H=3 nsup=8 w3g32      pexact   8.40 cell  68.89 fidH 0.8945 fidL 0.8132 (14s)
  H=3 nsup=8 w2t        pexact   0.00 cell   0.00 fidH -0.0634 fidL 0.2082 (14s)
  H=3 nsup=8 w2c        pexact   0.00 cell  10.18 fidH 0.0103 fidL 0.1789 (14s)
  H=3 nsup=8 w2a        pexact   0.00 cell  19.47 fidH 0.0522 fidL 0.2277 (14s)
  H=3 nsup=8 w2g32      pexact   0.00 cell  30.09 fidH 0.0962 fidL 0.2315 (14s)
  H=3 nsup=16 fp32       pexact  17.20 cell  72.84
  H=3 nsup=16 w8t        pexact  16.60 cell  72.68 fidH 0.9898 fidL 0.9831 (26s)
  H=3 nsup=16 w8c        pexact  17.00 cell  72.77 fidH 0.9925 fidL 0.9872 (26s)
  H=3 nsup=16 w8a        pexact  17.00 cell  72.85 fidH 0.9919 fidL 0.9859 (26s)
  H=3 nsup=16 w6t        pexact  17.00 cell  72.60 fidH 0.9758 fidL 0.9612 (26s)
  H=3 nsup=16 w6c        pexact  17.00 cell  72.77 fidH 0.9852 fidL 0.9757 (26s)
  H=3 nsup=16 w6a        pexact  16.80 cell  72.72 fidH 0.9861 fidL 0.9772 (26s)
  H=3 nsup=16 w5t        pexact  12.90 cell  71.25 fidH 0.9366 fidL 0.8962 (26s)
  H=3 nsup=16 w5c        pexact  16.40 cell  72.50 fidH 0.9761 fidL 0.9602 (26s)
  H=3 nsup=16 w5a        pexact  15.90 cell  72.49 fidH 0.9768 fidL 0.9619 (26s)
  H=3 nsup=16 w4t        pexact   1.50 cell  62.62 fidH 0.7482 fidL 0.6177 (26s)
  H=3 nsup=16 w4c        pexact  14.20 cell  71.45 fidH 0.9426 fidL 0.9013 (26s)
  H=3 nsup=16 w4a        pexact  14.60 cell  71.97 fidH 0.9552 fidL 0.9214 (26s)
  H=3 nsup=16 w4g128     pexact  13.80 cell  72.07 fidH 0.9532 fidL 0.9202 (26s)
  H=3 nsup=16 w4g32      pexact  15.30 cell  72.36 fidH 0.9666 fidL 0.9440 (26s)
  H=3 nsup=16 w3t        pexact   0.00 cell  16.76 fidH 0.0449 fidL 0.2291 (26s)
  H=3 nsup=16 w3c        pexact   1.60 cell  61.64 fidH 0.6789 fidL 0.5711 (26s)
  H=3 nsup=16 w3a        pexact   3.20 cell  65.88 fidH 0.8119 fidL 0.6928 (26s)
  H=3 nsup=16 w3g32      pexact   7.80 cell  68.92 fidH 0.8853 fidL 0.8034 (26s)
  H=3 nsup=16 w2t        pexact   0.00 cell   0.00 fidH -0.0648 fidL 0.2084 (26s)
  H=3 nsup=16 w2c        pexact   0.00 cell   1.67 fidH -0.0013 fidL 0.1904 (26s)
  H=3 nsup=16 w2a        pexact   0.00 cell  29.40 fidH 0.1160 fidL 0.2556 (26s)
  H=3 nsup=16 w2g32      pexact   0.00 cell  26.30 fidH 0.0816 fidL 0.2210 (26s)
  H=4 nsup=1 fp32       pexact   2.10 cell  65.90
  H=4 nsup=1 w8t        pexact   2.10 cell  65.87 fidH 0.9994 fidL 0.9987 (3s)
  H=4 nsup=1 w8c        pexact   2.10 cell  65.92 fidH 0.9999 fidL 0.9997 (3s)
  H=4 nsup=1 w8a        pexact   2.10 cell  65.89 fidH 0.9999 fidL 0.9997 (3s)
  H=4 nsup=1 w6t        pexact   2.00 cell  65.78 fidH 0.9919 fidL 0.9805 (3s)
  H=4 nsup=1 w6c        pexact   2.10 cell  65.88 fidH 0.9977 fidL 0.9943 (3s)
  H=4 nsup=1 w6a        pexact   2.10 cell  65.95 fidH 0.9984 fidL 0.9962 (3s)
  H=4 nsup=1 w5t        pexact   2.00 cell  65.92 fidH 0.9703 fidL 0.9294 (3s)
  H=4 nsup=1 w5c        pexact   2.00 cell  65.88 fidH 0.9902 fidL 0.9760 (3s)
  H=4 nsup=1 w5a        pexact   2.10 cell  65.86 fidH 0.9925 fidL 0.9818 (3s)
  H=4 nsup=1 w4t        pexact   0.00 cell  62.86 fidH 0.8487 fidL 0.6960 (3s)
  H=4 nsup=1 w4c        pexact   1.90 cell  65.66 fidH 0.9615 fidL 0.9104 (3s)
  H=4 nsup=1 w4a        pexact   2.10 cell  65.78 fidH 0.9690 fidL 0.9240 (3s)
  H=4 nsup=1 w4g128     pexact   2.00 cell  65.68 fidH 0.9728 fidL 0.9349 (3s)
  H=4 nsup=1 w4g32      pexact   2.10 cell  66.00 fidH 0.9813 fidL 0.9555 (3s)
  H=4 nsup=1 w3t        pexact   0.00 cell  40.03 fidH 0.1535 fidL 0.2430 (3s)
  H=4 nsup=1 w3c        pexact   0.00 cell  60.87 fidH 0.7692 fidL 0.6395 (3s)
  H=4 nsup=1 w3a        pexact   1.00 cell  64.33 fidH 0.8799 fidL 0.7232 (3s)
  H=4 nsup=1 w3g32      pexact   1.50 cell  65.12 fidH 0.9166 fidL 0.8100 (3s)
  H=4 nsup=1 w2t        pexact   0.00 cell   0.00 fidH -0.0025 fidL 0.2483 (3s)
  H=4 nsup=1 w2c        pexact   0.00 cell  11.11 fidH 0.0721 fidL 0.2661 (3s)
  H=4 nsup=1 w2a        pexact   0.00 cell  43.20 fidH 0.2102 fidL 0.2551 (3s)
  H=4 nsup=1 w2g32      pexact   0.00 cell  44.80 fidH 0.3231 fidL 0.3556 (3s)
  H=4 nsup=2 fp32       pexact   5.00 cell  69.70
  H=4 nsup=2 w8t        pexact   4.60 cell  69.59 fidH 0.9992 fidL 0.9981 (5s)
  H=4 nsup=2 w8c        pexact   4.90 cell  69.72 fidH 0.9997 fidL 0.9992 (5s)
  H=4 nsup=2 w8a        pexact   5.10 cell  69.72 fidH 0.9998 fidL 0.9995 (5s)
  H=4 nsup=2 w6t        pexact   4.90 cell  69.65 fidH 0.9916 fidL 0.9796 (5s)
  H=4 nsup=2 w6c        pexact   5.30 cell  69.73 fidH 0.9975 fidL 0.9933 (5s)
  H=4 nsup=2 w6a        pexact   5.20 cell  69.73 fidH 0.9978 fidL 0.9946 (5s)
  H=4 nsup=2 w5t        pexact   4.60 cell  68.83 fidH 0.9690 fidL 0.9326 (5s)
  H=4 nsup=2 w5c        pexact   5.00 cell  69.68 fidH 0.9908 fidL 0.9774 (5s)
  H=4 nsup=2 w5a        pexact   5.00 cell  69.52 fidH 0.9923 fidL 0.9812 (5s)
  H=4 nsup=2 w4t        pexact   1.90 cell  64.55 fidH 0.8483 fidL 0.7201 (5s)
  H=4 nsup=2 w4c        pexact   3.70 cell  68.61 fidH 0.9646 fidL 0.9213 (5s)
  H=4 nsup=2 w4a        pexact   4.30 cell  68.98 fidH 0.9731 fidL 0.9364 (5s)
  H=4 nsup=2 w4g128     pexact   4.10 cell  69.14 fidH 0.9750 fidL 0.9426 (5s)
  H=4 nsup=2 w4g32      pexact   4.20 cell  69.44 fidH 0.9829 fidL 0.9598 (5s)
  H=4 nsup=2 w3t        pexact   0.00 cell  36.48 fidH 0.1430 fidL 0.3090 (5s)
  H=4 nsup=2 w3c        pexact   0.40 cell  63.33 fidH 0.7568 fidL 0.6469 (5s)
  H=4 nsup=2 w3a        pexact   2.70 cell  66.02 fidH 0.8689 fidL 0.7468 (5s)
  H=4 nsup=2 w3g32      pexact   2.90 cell  67.21 fidH 0.9157 fidL 0.8262 (5s)
  H=4 nsup=2 w2t        pexact   0.00 cell   0.00 fidH -0.0618 fidL 0.2378 (5s)
  H=4 nsup=2 w2c        pexact   0.00 cell  11.11 fidH 0.0090 fidL 0.2338 (5s)
  H=4 nsup=2 w2a        pexact   0.00 cell  45.36 fidH 0.2696 fidL 0.3375 (5s)
  H=4 nsup=2 w2g32      pexact   0.00 cell  44.09 fidH 0.2286 fidL 0.3458 (5s)
  H=4 nsup=4 fp32       pexact  13.20 cell  72.08
  H=4 nsup=4 w8t        pexact  12.80 cell  71.97 fidH 0.9946 fidL 0.9887 (10s)
  H=4 nsup=4 w8c        pexact  13.20 cell  72.03 fidH 0.9958 fidL 0.9911 (9s)
  H=4 nsup=4 w8a        pexact  13.30 cell  72.01 fidH 0.9963 fidL 0.9923 (10s)
  H=4 nsup=4 w6t        pexact  13.20 cell  71.88 fidH 0.9813 fidL 0.9640 (10s)
  H=4 nsup=4 w6c        pexact  13.70 cell  72.00 fidH 0.9921 fidL 0.9834 (9s)
  H=4 nsup=4 w6a        pexact  13.60 cell  72.08 fidH 0.9917 fidL 0.9830 (9s)
  H=4 nsup=4 w5t        pexact  11.30 cell  70.73 fidH 0.9555 fidL 0.9182 (9s)
  H=4 nsup=4 w5c        pexact  13.40 cell  71.97 fidH 0.9838 fidL 0.9674 (9s)
  H=4 nsup=4 w5a        pexact  12.80 cell  71.75 fidH 0.9831 fidL 0.9669 (10s)
  H=4 nsup=4 w4t        pexact   1.70 cell  63.20 fidH 0.7808 fidL 0.6429 (9s)
  H=4 nsup=4 w4c        pexact   9.90 cell  70.74 fidH 0.9521 fidL 0.9080 (10s)
  H=4 nsup=4 w4a        pexact  11.50 cell  71.26 fidH 0.9644 fidL 0.9289 (10s)
  H=4 nsup=4 w4g128     pexact  11.20 cell  71.45 fidH 0.9626 fidL 0.9275 (9s)
  H=4 nsup=4 w4g32      pexact  11.60 cell  71.67 fidH 0.9737 fidL 0.9486 (9s)
  H=4 nsup=4 w3t        pexact   0.00 cell  13.83 fidH 0.0270 fidL 0.2246 (9s)
  H=4 nsup=4 w3c        pexact   1.10 cell  62.24 fidH 0.7209 fidL 0.6030 (9s)
  H=4 nsup=4 w3a        pexact   4.20 cell  66.26 fidH 0.8402 fidL 0.7212 (10s)
  H=4 nsup=4 w3g32      pexact   7.00 cell  68.64 fidH 0.9019 fidL 0.8173 (10s)
  H=4 nsup=4 w2t        pexact   0.00 cell   0.00 fidH -0.0623 fidL 0.2147 (9s)
  H=4 nsup=4 w2c        pexact   0.00 cell  11.26 fidH 0.0117 fidL 0.2028 (9s)
  H=4 nsup=4 w2a        pexact   0.00 cell  11.52 fidH 0.0125 fidL 0.2163 (9s)
  H=4 nsup=4 w2g32      pexact   0.00 cell  24.21 fidH 0.0667 fidL 0.2457 (9s)
  H=4 nsup=8 fp32       pexact  15.80 cell  72.58
  H=4 nsup=8 w8t        pexact  15.80 cell  72.52 fidH 0.9905 fidL 0.9832 (18s)
  H=4 nsup=8 w8c        pexact  15.90 cell  72.57 fidH 0.9931 fidL 0.9873 (18s)
  H=4 nsup=8 w8a        pexact  15.90 cell  72.60 fidH 0.9924 fidL 0.9864 (18s)
  H=4 nsup=8 w6t        pexact  15.80 cell  72.53 fidH 0.9783 fidL 0.9631 (18s)
  H=4 nsup=8 w6c        pexact  16.10 cell  72.66 fidH 0.9890 fidL 0.9804 (18s)
  H=4 nsup=8 w6a        pexact  16.00 cell  72.56 fidH 0.9870 fidL 0.9776 (18s)
  H=4 nsup=8 w5t        pexact  13.00 cell  71.24 fidH 0.9446 fidL 0.9072 (18s)
  H=4 nsup=8 w5c        pexact  15.60 cell  72.40 fidH 0.9780 fidL 0.9610 (18s)
  H=4 nsup=8 w5a        pexact  15.90 cell  72.34 fidH 0.9791 fidL 0.9635 (18s)
  H=4 nsup=8 w4t        pexact   1.90 cell  62.76 fidH 0.7600 fidL 0.6290 (18s)
  H=4 nsup=8 w4c        pexact  12.90 cell  71.18 fidH 0.9459 fidL 0.9043 (18s)
  H=4 nsup=8 w4a        pexact  13.30 cell  71.84 fidH 0.9583 fidL 0.9231 (18s)
  H=4 nsup=8 w4g128     pexact  13.70 cell  71.95 fidH 0.9573 fidL 0.9236 (18s)
  H=4 nsup=8 w4g32      pexact  14.90 cell  72.17 fidH 0.9686 fidL 0.9452 (18s)
  H=4 nsup=8 w3t        pexact   0.00 cell  11.74 fidH 0.0207 fidL 0.2131 (18s)
  H=4 nsup=8 w3c        pexact   1.70 cell  61.88 fidH 0.6888 fidL 0.5781 (18s)
  H=4 nsup=8 w3a        pexact   4.60 cell  66.25 fidH 0.8228 fidL 0.7051 (18s)
  H=4 nsup=8 w3g32      pexact   8.40 cell  69.05 fidH 0.8902 fidL 0.8086 (18s)
  H=4 nsup=8 w2t        pexact   0.00 cell   0.00 fidH -0.0646 fidL 0.2073 (18s)
  H=4 nsup=8 w2c        pexact   0.00 cell   1.54 fidH -0.0043 fidL 0.1836 (18s)
  H=4 nsup=8 w2a        pexact   0.00 cell  25.26 fidH 0.1002 fidL 0.2478 (18s)
  H=4 nsup=8 w2g32      pexact   0.00 cell  33.99 fidH 0.1244 fidL 0.2463 (18s)
  H=4 nsup=16 fp32       pexact  17.10 cell  72.84
  H=4 nsup=16 w8t        pexact  16.90 cell  72.78 fidH 0.9866 fidL 0.9777 (34s)
  H=4 nsup=16 w8c        pexact  17.50 cell  72.83 fidH 0.9903 fidL 0.9837 (34s)
  H=4 nsup=16 w8a        pexact  17.40 cell  72.86 fidH 0.9891 fidL 0.9815 (35s)
  H=4 nsup=16 w6t        pexact  16.50 cell  72.54 fidH 0.9733 fidL 0.9574 (34s)
  H=4 nsup=16 w6c        pexact  17.00 cell  72.80 fidH 0.9838 fidL 0.9741 (34s)
  H=4 nsup=16 w6a        pexact  17.30 cell  72.86 fidH 0.9842 fidL 0.9740 (34s)
  H=4 nsup=16 w5t        pexact  13.30 cell  71.41 fidH 0.9383 fidL 0.8989 (34s)
  H=4 nsup=16 w5c        pexact  16.60 cell  72.68 fidH 0.9741 fidL 0.9575 (35s)
  H=4 nsup=16 w5a        pexact  16.20 cell  72.54 fidH 0.9753 fidL 0.9602 (35s)
  H=4 nsup=16 w4t        pexact   1.60 cell  62.52 fidH 0.7468 fidL 0.6157 (34s)
  H=4 nsup=16 w4c        pexact  13.90 cell  71.48 fidH 0.9422 fidL 0.9001 (34s)
  H=4 nsup=16 w4a        pexact  15.20 cell  72.16 fidH 0.9536 fidL 0.9190 (34s)
  H=4 nsup=16 w4g128     pexact  15.10 cell  72.09 fidH 0.9521 fidL 0.9191 (35s)
  H=4 nsup=16 w4g32      pexact  15.40 cell  72.42 fidH 0.9665 fidL 0.9444 (35s)
  H=4 nsup=16 w3t        pexact   0.00 cell  17.98 fidH 0.0524 fidL 0.2343 (34s)
  H=4 nsup=16 w3c        pexact   1.60 cell  61.55 fidH 0.6776 fidL 0.5700 (34s)
  H=4 nsup=16 w3a        pexact   3.20 cell  65.72 fidH 0.8113 fidL 0.6930 (35s)
  H=4 nsup=16 w3g32      pexact   7.70 cell  69.01 fidH 0.8835 fidL 0.8008 (35s)
  H=4 nsup=16 w2t        pexact   0.00 cell   0.00 fidH -0.0662 fidL 0.2102 (34s)
  H=4 nsup=16 w2c        pexact   0.00 cell   2.41 fidH -0.0023 fidL 0.1940 (34s)
  H=4 nsup=16 w2a        pexact   0.00 cell  28.60 fidH 0.1065 fidL 0.2503 (34s)
  H=4 nsup=16 w2g32      pexact   0.00 cell  20.04 fidH 0.0518 fidL 0.1961 (34s)
wrote /home/ubuntu/breadth/results/variant_trm_sudoku_attn_w256_s1_65100.json 460 records
variant checkpoint /home/ubuntu/edgetrm_src/TinyRecursiveModels/checkpoints/Sudoku-extreme-1k-aug-1000-ACT-torch/trm_sudoku_attn_w512_s0/step_45570: arch {'H_cycles': 3, 'H_layers': 0, 'L_cycles': 6, 'L_layers': 2, 'expansion': 4, 'forward_dtype': 'bfloat16', 'halt_exploration_prob': 0.1, 'halt_max_steps': 16, 'hidden_size': 512, 'loss': {'loss_type': 'stablemax_cross_entropy', 'name': 'losses@ACTLossHead'}, 'mlp_t': False, 'name': 'recursive_reasoning.trm@TinyRecursiveReasoningModel_ACTV1', 'no_ACT_continue': True, 'num_heads': 8, 'pos_encodings': 'rope', 'puzzle_emb_len': 16, 'puzzle_emb_ndim': 512}
sudoku_attn: 1000 puzzles, batch 256, H=[3], nsup=[16], quants=['fp32', 'w8t', 'w8c', 'w8a', 'w6t', 'w6c', 'w6a', 'w5t', 'w5c', 'w5a', 'w4t', 'w4c', 'w4a', 'w4g128', 'w4g32', 'w3t', 'w3c', 'w3a', 'w3g32', 'w2t', 'w2c', 'w2a', 'w2g32']; 0 records already
  H=3 nsup=16 fp32       pexact  64.90 cell  87.01
  H=3 nsup=16 w8t        pexact  65.60 cell  87.15 fidH 0.9522 fidL 0.8990 (79s)
  H=3 nsup=16 w8c        pexact  64.90 cell  86.97 fidH 0.9567 fidL 0.9041 (80s)
  H=3 nsup=16 w8a        pexact  64.50 cell  86.83 fidH 0.9572 fidL 0.9037 (80s)
  H=3 nsup=16 w6t        pexact  64.80 cell  86.89 fidH 0.9475 fidL 0.8926 (79s)
  H=3 nsup=16 w6c        pexact  65.10 cell  87.08 fidH 0.9545 fidL 0.8998 (80s)
  H=3 nsup=16 w6a        pexact  64.20 cell  86.78 fidH 0.9540 fidL 0.9008 (79s)
  H=3 nsup=16 w5t        pexact  63.90 cell  86.62 fidH 0.9397 fidL 0.8772 (79s)
  H=3 nsup=16 w5c        pexact  64.40 cell  86.74 fidH 0.9447 fidL 0.8892 (79s)
  H=3 nsup=16 w5a        pexact  64.50 cell  86.87 fidH 0.9486 fidL 0.8950 (80s)
  H=3 nsup=16 w4t        pexact  61.50 cell  85.79 fidH 0.9000 fidL 0.8199 (79s)
  H=3 nsup=16 w4c        pexact  64.70 cell  86.89 fidH 0.9351 fidL 0.8748 (80s)
  H=3 nsup=16 w4a        pexact  64.40 cell  86.83 fidH 0.9321 fidL 0.8727 (80s)
  H=3 nsup=16 w4g128     pexact  64.00 cell  86.61 fidH 0.9394 fidL 0.8790 (80s)
  H=3 nsup=16 w4g32      pexact  65.00 cell  87.06 fidH 0.9448 fidL 0.8883 (80s)
  H=3 nsup=16 w3t        pexact   0.00 cell  30.36 fidH 0.0784 fidL 0.0650 (79s)
  H=3 nsup=16 w3c        pexact  64.20 cell  86.47 fidH 0.8883 fidL 0.8004 (79s)
  H=3 nsup=16 w3a        pexact  63.50 cell  86.28 fidH 0.9102 fidL 0.8339 (79s)
  H=3 nsup=16 w3g32      pexact  65.50 cell  87.14 fidH 0.9255 fidL 0.8609 (80s)
  H=3 nsup=16 w2t        pexact   0.00 cell   3.46 fidH 0.0659 fidL 0.0310 (79s)
  H=3 nsup=16 w2c        pexact   0.00 cell  23.28 fidH 0.0578 fidL 0.0505 (79s)
  H=3 nsup=16 w2a        pexact   0.00 cell  53.36 fidH 0.2305 fidL 0.3004 (79s)
  H=3 nsup=16 w2g32      pexact   0.00 cell  54.79 fidH 0.3395 fidL 0.3546 (79s)
wrote /home/ubuntu/breadth/results/variant_trm_sudoku_attn_w512_s0_45570.json 23 records
variant checkpoint /home/ubuntu/edgetrm_src/TinyRecursiveModels/checkpoints/Sudoku-extreme-1k-aug-1000-ACT-torch/trm_sudoku_attn_w512_s0/step_52080: arch {'H_cycles': 3, 'H_layers': 0, 'L_cycles': 6, 'L_layers': 2, 'expansion': 4, 'forward_dtype': 'bfloat16', 'halt_exploration_prob': 0.1, 'halt_max_steps': 16, 'hidden_size': 512, 'loss': {'loss_type': 'stablemax_cross_entropy', 'name': 'losses@ACTLossHead'}, 'mlp_t': False, 'name': 'recursive_reasoning.trm@TinyRecursiveReasoningModel_ACTV1', 'no_ACT_continue': True, 'num_heads': 8, 'pos_encodings': 'rope', 'puzzle_emb_len': 16, 'puzzle_emb_ndim': 512}
sudoku_attn: 1000 puzzles, batch 256, H=[3], nsup=[16], quants=['fp32', 'w8t', 'w8c', 'w8a', 'w6t', 'w6c', 'w6a', 'w5t', 'w5c', 'w5a', 'w4t', 'w4c', 'w4a', 'w4g128', 'w4g32', 'w3t', 'w3c', 'w3a', 'w3g32', 'w2t', 'w2c', 'w2a', 'w2g32']; 0 records already
  H=3 nsup=16 fp32       pexact  65.00 cell  86.88
  H=3 nsup=16 w8t        pexact  64.90 cell  86.91 fidH 0.9604 fidL 0.9080 (79s)
  H=3 nsup=16 w8c        pexact  64.70 cell  86.86 fidH 0.9615 fidL 0.9098 (79s)
  H=3 nsup=16 w8a        pexact  64.80 cell  87.06 fidH 0.9667 fidL 0.9135 (79s)
  H=3 nsup=16 w6t        pexact  64.50 cell  86.66 fidH 0.9545 fidL 0.9021 (79s)
  H=3 nsup=16 w6c        pexact  65.60 cell  87.05 fidH 0.9566 fidL 0.9016 (79s)
  H=3 nsup=16 w6a        pexact  65.00 cell  87.03 fidH 0.9622 fidL 0.9102 (79s)
  H=3 nsup=16 w5t        pexact  65.30 cell  87.07 fidH 0.9389 fidL 0.8800 (78s)
  H=3 nsup=16 w5c        pexact  65.60 cell  87.28 fidH 0.9511 fidL 0.8963 (79s)
  H=3 nsup=16 w5a        pexact  64.90 cell  86.82 fidH 0.9552 fidL 0.9018 (79s)
  H=3 nsup=16 w4t        pexact  63.30 cell  86.11 fidH 0.9054 fidL 0.8181 (79s)
  H=3 nsup=16 w4c        pexact  64.50 cell  86.63 fidH 0.9497 fidL 0.8912 (79s)
  H=3 nsup=16 w4a        pexact  65.00 cell  86.96 fidH 0.9442 fidL 0.8860 (79s)
  H=3 nsup=16 w4g128     pexact  65.20 cell  86.94 fidH 0.9535 fidL 0.8986 (78s)
  H=3 nsup=16 w4g32      pexact  64.60 cell  86.85 fidH 0.9510 fidL 0.8968 (79s)
  H=3 nsup=16 w3t        pexact   0.00 cell  17.37 fidH 0.0322 fidL 0.0501 (79s)
  H=3 nsup=16 w3c        pexact  63.60 cell  86.25 fidH 0.8814 fidL 0.7879 (79s)
  H=3 nsup=16 w3a        pexact  62.70 cell  85.82 fidH 0.9097 fidL 0.8298 (79s)
  H=3 nsup=16 w3g32      pexact  65.00 cell  86.82 fidH 0.9338 fidL 0.8714 (79s)
  H=3 nsup=16 w2t        pexact   0.00 cell   3.46 fidH 0.0566 fidL 0.0255 (77s)
  H=3 nsup=16 w2c        pexact   0.00 cell  20.13 fidH 0.0445 fidL 0.0487 (78s)
  H=3 nsup=16 w2a        pexact   0.00 cell  52.24 fidH 0.2105 fidL 0.2761 (79s)
  H=3 nsup=16 w2g32      pexact   0.40 cell  59.15 fidH 0.3113 fidL 0.3784 (79s)
wrote /home/ubuntu/breadth/results/variant_trm_sudoku_attn_w512_s0_52080.json 23 records
variant checkpoint /home/ubuntu/edgetrm_src/TinyRecursiveModels/checkpoints/Sudoku-extreme-1k-aug-1000-ACT-torch/trm_sudoku_attn_w512_s0/step_58590: arch {'H_cycles': 3, 'H_layers': 0, 'L_cycles': 6, 'L_layers': 2, 'expansion': 4, 'forward_dtype': 'bfloat16', 'halt_exploration_prob': 0.1, 'halt_max_steps': 16, 'hidden_size': 512, 'loss': {'loss_type': 'stablemax_cross_entropy', 'name': 'losses@ACTLossHead'}, 'mlp_t': False, 'name': 'recursive_reasoning.trm@TinyRecursiveReasoningModel_ACTV1', 'no_ACT_continue': True, 'num_heads': 8, 'pos_encodings': 'rope', 'puzzle_emb_len': 16, 'puzzle_emb_ndim': 512}
sudoku_attn: 1000 puzzles, batch 256, H=[3], nsup=[16], quants=['fp32', 'w8t', 'w8c', 'w8a', 'w6t', 'w6c', 'w6a', 'w5t', 'w5c', 'w5a', 'w4t', 'w4c', 'w4a', 'w4g128', 'w4g32', 'w3t', 'w3c', 'w3a', 'w3g32', 'w2t', 'w2c', 'w2a', 'w2g32']; 0 records already
  H=3 nsup=16 fp32       pexact  69.00 cell  88.33
  H=3 nsup=16 w8t        pexact  67.70 cell  87.76 fidH 0.9533 fidL 0.8970 (73s)
  H=3 nsup=16 w8c        pexact  67.60 cell  87.66 fidH 0.9512 fidL 0.8959 (73s)
  H=3 nsup=16 w8a        pexact  67.10 cell  87.54 fidH 0.9520 fidL 0.8976 (73s)
  H=3 nsup=16 w6t        pexact  67.00 cell  87.55 fidH 0.9464 fidL 0.8893 (74s)
  H=3 nsup=16 w6c        pexact  67.60 cell  87.83 fidH 0.9471 fidL 0.8905 (74s)
  H=3 nsup=16 w6a        pexact  68.20 cell  87.83 fidH 0.9468 fidL 0.8902 (74s)
  H=3 nsup=16 w5t        pexact  68.60 cell  88.07 fidH 0.9396 fidL 0.8778 (74s)
  H=3 nsup=16 w5c        pexact  68.20 cell  87.95 fidH 0.9452 fidL 0.8878 (74s)
  H=3 nsup=16 w5a        pexact  67.50 cell  87.66 fidH 0.9429 fidL 0.8865 (73s)
  H=3 nsup=16 w4t        pexact  65.00 cell  86.69 fidH 0.8914 fidL 0.7995 (74s)
  H=3 nsup=16 w4c        pexact  67.40 cell  87.60 fidH 0.9347 fidL 0.8718 (74s)
  H=3 nsup=16 w4a        pexact  67.10 cell  87.59 fidH 0.9444 fidL 0.8844 (73s)
  H=3 nsup=16 w4g128     pexact  67.30 cell  87.58 fidH 0.9451 fidL 0.8856 (74s)
  H=3 nsup=16 w4g32      pexact  67.40 cell  87.65 fidH 0.9419 fidL 0.8821 (73s)
  H=3 nsup=16 w3t        pexact   0.00 cell  22.32 fidH 0.0498 fidL 0.0734 (73s)
  H=3 nsup=16 w3c        pexact  68.00 cell  87.70 fidH 0.8755 fidL 0.7767 (73s)
  H=3 nsup=16 w3a        pexact  65.30 cell  86.72 fidH 0.9045 fidL 0.8248 (73s)
  H=3 nsup=16 w3g32      pexact  66.50 cell  87.23 fidH 0.9229 fidL 0.8534 (73s)
  H=3 nsup=16 w2t        pexact   0.00 cell   3.46 fidH 0.0451 fidL 0.0097 (72s)
  H=3 nsup=16 w2c        pexact   0.00 cell  25.69 fidH 0.0655 fidL 0.0338 (73s)
  H=3 nsup=16 w2a        pexact   0.00 cell  45.92 fidH 0.1153 fidL 0.1639 (73s)
  H=3 nsup=16 w2g32      pexact   0.00 cell  54.30 fidH 0.2303 fidL 0.3085 (72s)
wrote /home/ubuntu/breadth/results/variant_trm_sudoku_attn_w512_s0_58590.json 23 records
variant checkpoint /home/ubuntu/edgetrm_src/TinyRecursiveModels/checkpoints/Sudoku-extreme-1k-aug-1000-ACT-torch/trm_sudoku_attn_w512_s0/step_65100: arch {'H_cycles': 3, 'H_layers': 0, 'L_cycles': 6, 'L_layers': 2, 'expansion': 4, 'forward_dtype': 'bfloat16', 'halt_exploration_prob': 0.1, 'halt_max_steps': 16, 'hidden_size': 512, 'loss': {'loss_type': 'stablemax_cross_entropy', 'name': 'losses@ACTLossHead'}, 'mlp_t': False, 'name': 'recursive_reasoning.trm@TinyRecursiveReasoningModel_ACTV1', 'no_ACT_continue': True, 'num_heads': 8, 'pos_encodings': 'rope', 'puzzle_emb_len': 16, 'puzzle_emb_ndim': 512}
sudoku_attn: 1000 puzzles, batch 256, H=[1, 2, 3, 4], nsup=[1, 2, 4, 8, 16], quants=['fp32', 'w8t', 'w8c', 'w8a', 'w6t', 'w6c', 'w6a', 'w5t', 'w5c', 'w5a', 'w4t', 'w4c', 'w4a', 'w4g128', 'w4g32', 'w3t', 'w3c', 'w3a', 'w3g32', 'w2t', 'w2c', 'w2a', 'w2g32']; 0 records already
  H=1 nsup=1 fp32       pexact   0.00 cell   6.19
  H=1 nsup=1 w8t        pexact   0.00 cell   6.61 fidH 0.9999 fidL 0.9999 (3s)
  H=1 nsup=1 w8c        pexact   0.00 cell   6.12 fidH 1.0000 fidL 1.0000 (3s)
  H=1 nsup=1 w8a        pexact   0.00 cell   6.00 fidH 1.0000 fidL 1.0000 (3s)
  H=1 nsup=1 w6t        pexact   0.00 cell   4.29 fidH 0.9983 fidL 0.9989 (3s)
  H=1 nsup=1 w6c        pexact   0.00 cell   6.00 fidH 0.9996 fidL 0.9997 (3s)
  H=1 nsup=1 w6a        pexact   0.00 cell   5.00 fidH 0.9994 fidL 0.9996 (3s)
  H=1 nsup=1 w5t        pexact   0.00 cell   5.60 fidH 0.9939 fidL 0.9958 (3s)
  H=1 nsup=1 w5c        pexact   0.00 cell   5.99 fidH 0.9985 fidL 0.9990 (3s)
  H=1 nsup=1 w5a        pexact   0.00 cell   5.46 fidH 0.9988 fidL 0.9992 (3s)
  H=1 nsup=1 w4t        pexact   0.00 cell   1.56 fidH 0.9668 fidL 0.9753 (3s)
  H=1 nsup=1 w4c        pexact   0.00 cell   4.26 fidH 0.9924 fidL 0.9951 (3s)
  H=1 nsup=1 w4a        pexact   0.00 cell   7.53 fidH 0.9872 fidL 0.9919 (3s)
  H=1 nsup=1 w4g128     pexact   0.00 cell   0.88 fidH 0.9932 fidL 0.9951 (3s)
  H=1 nsup=1 w4g32      pexact   0.00 cell   5.87 fidH 0.9974 fidL 0.9982 (3s)
  H=1 nsup=1 w3t        pexact   0.00 cell   0.00 fidH 0.6452 fidL 0.5906 (3s)
  H=1 nsup=1 w3c        pexact   0.00 cell   3.14 fidH 0.9536 fidL 0.9663 (3s)
  H=1 nsup=1 w3a        pexact   0.00 cell   7.96 fidH 0.9612 fidL 0.9733 (3s)
  H=1 nsup=1 w3g32      pexact   0.00 cell   8.28 fidH 0.9842 fidL 0.9867 (3s)
  H=1 nsup=1 w2t        pexact   0.00 cell   3.46 fidH 0.4013 fidL 0.3008 (3s)
  H=1 nsup=1 w2c        pexact   0.00 cell  17.45 fidH 0.4093 fidL 0.3219 (3s)
  H=1 nsup=1 w2a        pexact   0.00 cell  11.11 fidH 0.7287 fidL 0.7750 (3s)
  H=1 nsup=1 w2g32      pexact   0.00 cell   0.00 fidH 0.8516 fidL 0.8831 (3s)
  H=1 nsup=2 fp32       pexact   0.00 cell  49.21
  H=1 nsup=2 w8t        pexact   0.00 cell  49.19 fidH 0.9996 fidL 0.9997 (5s)
  H=1 nsup=2 w8c        pexact   0.00 cell  49.21 fidH 0.9999 fidL 0.9999 (5s)
  H=1 nsup=2 w8a        pexact   0.00 cell  49.22 fidH 0.9999 fidL 0.9999 (5s)
  H=1 nsup=2 w6t        pexact   0.00 cell  48.99 fidH 0.9925 fidL 0.9949 (5s)
  H=1 nsup=2 w6c        pexact   0.00 cell  49.15 fidH 0.9981 fidL 0.9987 (5s)
  H=1 nsup=2 w6a        pexact   0.00 cell  49.10 fidH 0.9979 fidL 0.9987 (5s)
  H=1 nsup=2 w5t        pexact   0.00 cell  48.73 fidH 0.9689 fidL 0.9792 (5s)
  H=1 nsup=2 w5c        pexact   0.00 cell  49.12 fidH 0.9911 fidL 0.9940 (5s)
  H=1 nsup=2 w5a        pexact   0.00 cell  49.53 fidH 0.9937 fidL 0.9957 (5s)
  H=1 nsup=2 w4t        pexact   0.00 cell  40.62 fidH 0.8286 fidL 0.8930 (5s)
  H=1 nsup=2 w4c        pexact   0.00 cell  48.76 fidH 0.9638 fidL 0.9755 (5s)
  H=1 nsup=2 w4a        pexact   0.00 cell  49.21 fidH 0.9576 fidL 0.9713 (5s)
  H=1 nsup=2 w4g128     pexact   0.00 cell  48.04 fidH 0.9731 fidL 0.9832 (5s)
  H=1 nsup=2 w4g32      pexact   0.00 cell  49.18 fidH 0.9891 fidL 0.9927 (5s)
  H=1 nsup=2 w3t        pexact   0.00 cell   0.00 fidH 0.2195 fidL 0.2998 (5s)
  H=1 nsup=2 w3c        pexact   0.00 cell  31.28 fidH 0.7512 fidL 0.8360 (5s)
  H=1 nsup=2 w3a        pexact   0.00 cell  38.03 fidH 0.8270 fidL 0.8838 (5s)
  H=1 nsup=2 w3g32      pexact   0.00 cell  47.34 fidH 0.9336 fidL 0.9533 (5s)
  H=1 nsup=2 w2t        pexact   0.00 cell   3.46 fidH 0.1030 fidL 0.0457 (5s)
  H=1 nsup=2 w2c        pexact   0.00 cell  13.58 fidH 0.0729 fidL 0.0721 (5s)
  H=1 nsup=2 w2a        pexact   0.00 cell  15.74 fidH 0.3467 fidL 0.4615 (5s)
  H=1 nsup=2 w2g32      pexact   0.00 cell   0.00 fidH 0.4399 fidL 0.5879 (5s)
  H=1 nsup=4 fp32       pexact   8.50 cell  72.52
  H=1 nsup=4 w8t        pexact   8.40 cell  72.47 fidH 0.9995 fidL 0.9988 (8s)
  H=1 nsup=4 w8c        pexact   8.60 cell  72.50 fidH 0.9999 fidL 0.9997 (8s)
  H=1 nsup=4 w8a        pexact   8.50 cell  72.50 fidH 0.9999 fidL 0.9997 (8s)
  H=1 nsup=4 w6t        pexact   8.20 cell  72.39 fidH 0.9924 fidL 0.9812 (8s)
  H=1 nsup=4 w6c        pexact   8.70 cell  72.53 fidH 0.9977 fidL 0.9949 (8s)
  H=1 nsup=4 w6a        pexact   8.40 cell  72.44 fidH 0.9971 fidL 0.9933 (8s)
  H=1 nsup=4 w5t        pexact   8.00 cell  72.35 fidH 0.9710 fidL 0.9337 (8s)
  H=1 nsup=4 w5c        pexact   8.70 cell  72.52 fidH 0.9913 fidL 0.9803 (8s)
  H=1 nsup=4 w5a        pexact   8.30 cell  72.45 fidH 0.9936 fidL 0.9848 (8s)
  H=1 nsup=4 w4t        pexact   5.90 cell  70.48 fidH 0.8620 fidL 0.7639 (8s)
  H=1 nsup=4 w4c        pexact   7.90 cell  72.12 fidH 0.9707 fidL 0.9299 (8s)
  H=1 nsup=4 w4a        pexact   8.30 cell  72.27 fidH 0.9678 fidL 0.9237 (8s)
  H=1 nsup=4 w4g128     pexact   8.70 cell  72.45 fidH 0.9760 fidL 0.9423 (8s)
  H=1 nsup=4 w4g32      pexact   7.80 cell  72.48 fidH 0.9868 fidL 0.9698 (7s)
  H=1 nsup=4 w3t        pexact   0.00 cell   0.00 fidH -0.0366 fidL 0.0471 (8s)
  H=1 nsup=4 w3c        pexact   5.20 cell  70.22 fidH 0.8369 fidL 0.7257 (8s)
  H=1 nsup=4 w3a        pexact   7.20 cell  71.41 fidH 0.8881 fidL 0.7920 (8s)
  H=1 nsup=4 w3g32      pexact   8.60 cell  71.98 fidH 0.9478 fidL 0.8874 (8s)
  H=1 nsup=4 w2t        pexact   0.00 cell   3.46 fidH -0.0064 fidL 0.0083 (8s)
  H=1 nsup=4 w2c        pexact   0.00 cell  23.45 fidH 0.0033 fidL 0.0418 (8s)
  H=1 nsup=4 w2a        pexact   0.00 cell  40.86 fidH 0.0485 fidL 0.1135 (8s)
  H=1 nsup=4 w2g32      pexact   0.00 cell  38.40 fidH 0.1071 fidL 0.1288 (8s)
  H=1 nsup=8 fp32       pexact  39.70 cell  80.07
  H=1 nsup=8 w8t        pexact  39.30 cell  79.94 fidH 0.9755 fidL 0.9311 (15s)
  H=1 nsup=8 w8c        pexact  40.10 cell  80.27 fidH 0.9895 fidL 0.9622 (15s)
  H=1 nsup=8 w8a        pexact  39.20 cell  80.06 fidH 0.9886 fidL 0.9595 (15s)
  H=1 nsup=8 w6t        pexact  38.30 cell  79.64 fidH 0.9458 fidL 0.8624 (15s)
  H=1 nsup=8 w6c        pexact  38.80 cell  79.90 fidH 0.9547 fidL 0.8880 (15s)
  H=1 nsup=8 w6a        pexact  39.00 cell  79.93 fidH 0.9586 fidL 0.8908 (15s)
  H=1 nsup=8 w5t        pexact  37.70 cell  79.58 fidH 0.9159 fidL 0.8190 (15s)
  H=1 nsup=8 w5c        pexact  39.10 cell  80.01 fidH 0.9471 fidL 0.8671 (15s)
  H=1 nsup=8 w5a        pexact  39.00 cell  79.96 fidH 0.9512 fidL 0.8762 (15s)
  H=1 nsup=8 w4t        pexact  26.70 cell  75.65 fidH 0.8319 fidL 0.7002 (15s)
  H=1 nsup=8 w4c        pexact  36.70 cell  79.09 fidH 0.9185 fidL 0.8228 (15s)
  H=1 nsup=8 w4a        pexact  38.40 cell  79.52 fidH 0.9165 fidL 0.8160 (15s)
  H=1 nsup=8 w4g128     pexact  38.50 cell  79.66 fidH 0.9255 fidL 0.8282 (15s)
  H=1 nsup=8 w4g32      pexact  36.90 cell  79.37 fidH 0.9404 fidL 0.8492 (15s)
  H=1 nsup=8 w3t        pexact   0.00 cell  23.68 fidH 0.0209 fidL 0.0538 (15s)
  H=1 nsup=8 w3c        pexact  25.60 cell  74.80 fidH 0.8161 fidL 0.6739 (15s)
  H=1 nsup=8 w3a        pexact  30.60 cell  76.76 fidH 0.8600 fidL 0.7242 (15s)
  H=1 nsup=8 w3g32      pexact  35.40 cell  78.85 fidH 0.9017 fidL 0.7924 (15s)
  H=1 nsup=8 w2t        pexact   0.00 cell   3.46 fidH 0.0155 fidL 0.0127 (14s)
  H=1 nsup=8 w2c        pexact   0.00 cell  24.88 fidH 0.0422 fidL 0.0454 (15s)
  H=1 nsup=8 w2a        pexact   0.00 cell  40.85 fidH 0.0784 fidL 0.1324 (15s)
  H=1 nsup=8 w2g32      pexact   0.00 cell  47.16 fidH 0.1337 fidL 0.1897 (15s)
  H=1 nsup=16 fp32       pexact  56.70 cell  84.44
  H=1 nsup=16 w8t        pexact  56.40 cell  84.43 fidH 0.9498 fidL 0.8811 (27s)
  H=1 nsup=16 w8c        pexact  58.40 cell  84.86 fidH 0.9559 fidL 0.8912 (28s)
  H=1 nsup=16 w8a        pexact  56.60 cell  84.37 fidH 0.9602 fidL 0.8908 (28s)
  H=1 nsup=16 w6t        pexact  56.00 cell  84.12 fidH 0.9353 fidL 0.8579 (28s)
  H=1 nsup=16 w6c        pexact  58.10 cell  84.82 fidH 0.9402 fidL 0.8685 (28s)
  H=1 nsup=16 w6a        pexact  57.40 cell  84.70 fidH 0.9408 fidL 0.8686 (28s)
  H=1 nsup=16 w5t        pexact  56.70 cell  84.56 fidH 0.9210 fidL 0.8386 (28s)
  H=1 nsup=16 w5c        pexact  55.70 cell  84.15 fidH 0.9346 fidL 0.8579 (28s)
  H=1 nsup=16 w5a        pexact  57.80 cell  84.77 fidH 0.9434 fidL 0.8678 (28s)
  H=1 nsup=16 w4t        pexact  49.80 cell  82.33 fidH 0.8585 fidL 0.7481 (28s)
  H=1 nsup=16 w4c        pexact  55.60 cell  84.28 fidH 0.9239 fidL 0.8410 (28s)
  H=1 nsup=16 w4a        pexact  56.40 cell  84.50 fidH 0.9263 fidL 0.8464 (28s)
  H=1 nsup=16 w4g128     pexact  56.50 cell  84.47 fidH 0.9312 fidL 0.8499 (28s)
  H=1 nsup=16 w4g32      pexact  55.90 cell  84.33 fidH 0.9338 fidL 0.8560 (28s)
  H=1 nsup=16 w3t        pexact   0.00 cell  17.43 fidH 0.0354 fidL 0.0456 (28s)
  H=1 nsup=16 w3c        pexact  46.50 cell  81.12 fidH 0.8323 fidL 0.7136 (28s)
  H=1 nsup=16 w3a        pexact  51.70 cell  82.78 fidH 0.8771 fidL 0.7711 (27s)
  H=1 nsup=16 w3g32      pexact  54.00 cell  83.64 fidH 0.9097 fidL 0.8158 (28s)
  H=1 nsup=16 w2t        pexact   0.00 cell   3.46 fidH 0.0349 fidL 0.0159 (27s)
  H=1 nsup=16 w2c        pexact   0.00 cell  23.58 fidH 0.0554 fidL 0.0336 (28s)
  H=1 nsup=16 w2a        pexact   0.00 cell  41.32 fidH 0.0841 fidL 0.1274 (28s)
  H=1 nsup=16 w2g32      pexact   0.00 cell  44.23 fidH 0.1200 fidL 0.1539 (28s)
  H=2 nsup=1 fp32       pexact   0.00 cell  49.21
  H=2 nsup=1 w8t        pexact   0.00 cell  49.19 fidH 0.9996 fidL 0.9997 (5s)
  H=2 nsup=1 w8c        pexact   0.00 cell  49.21 fidH 0.9999 fidL 0.9999 (5s)
  H=2 nsup=1 w8a        pexact   0.00 cell  49.22 fidH 0.9999 fidL 0.9999 (5s)
  H=2 nsup=1 w6t        pexact   0.00 cell  48.99 fidH 0.9925 fidL 0.9949 (5s)
  H=2 nsup=1 w6c        pexact   0.00 cell  49.15 fidH 0.9981 fidL 0.9987 (5s)
  H=2 nsup=1 w6a        pexact   0.00 cell  49.10 fidH 0.9979 fidL 0.9987 (5s)
  H=2 nsup=1 w5t        pexact   0.00 cell  48.73 fidH 0.9689 fidL 0.9792 (5s)
  H=2 nsup=1 w5c        pexact   0.00 cell  49.12 fidH 0.9911 fidL 0.9940 (5s)
  H=2 nsup=1 w5a        pexact   0.00 cell  49.53 fidH 0.9937 fidL 0.9957 (5s)
  H=2 nsup=1 w4t        pexact   0.00 cell  40.62 fidH 0.8286 fidL 0.8930 (5s)
  H=2 nsup=1 w4c        pexact   0.00 cell  48.76 fidH 0.9638 fidL 0.9755 (5s)
  H=2 nsup=1 w4a        pexact   0.00 cell  49.21 fidH 0.9576 fidL 0.9713 (5s)
  H=2 nsup=1 w4g128     pexact   0.00 cell  48.04 fidH 0.9731 fidL 0.9832 (5s)
  H=2 nsup=1 w4g32      pexact   0.00 cell  49.18 fidH 0.9891 fidL 0.9927 (5s)
  H=2 nsup=1 w3t        pexact   0.00 cell   0.00 fidH 0.2195 fidL 0.2998 (5s)
  H=2 nsup=1 w3c        pexact   0.00 cell  31.28 fidH 0.7512 fidL 0.8360 (5s)
  H=2 nsup=1 w3a        pexact   0.00 cell  38.03 fidH 0.8270 fidL 0.8838 (5s)
  H=2 nsup=1 w3g32      pexact   0.00 cell  47.34 fidH 0.9336 fidL 0.9533 (5s)
  H=2 nsup=1 w2t        pexact   0.00 cell   3.46 fidH 0.1030 fidL 0.0457 (5s)
  H=2 nsup=1 w2c        pexact   0.00 cell  13.58 fidH 0.0729 fidL 0.0721 (5s)
  H=2 nsup=1 w2a        pexact   0.00 cell  15.74 fidH 0.3467 fidL 0.4615 (5s)
  H=2 nsup=1 w2g32      pexact   0.00 cell   0.00 fidH 0.4399 fidL 0.5879 (5s)
  H=2 nsup=2 fp32       pexact   8.50 cell  72.52
  H=2 nsup=2 w8t        pexact   8.40 cell  72.47 fidH 0.9995 fidL 0.9988 (8s)
  H=2 nsup=2 w8c        pexact   8.60 cell  72.50 fidH 0.9999 fidL 0.9997 (8s)
  H=2 nsup=2 w8a        pexact   8.50 cell  72.50 fidH 0.9999 fidL 0.9997 (9s)
  H=2 nsup=2 w6t        pexact   8.20 cell  72.39 fidH 0.9924 fidL 0.9812 (8s)
  H=2 nsup=2 w6c        pexact   8.70 cell  72.53 fidH 0.9977 fidL 0.9949 (8s)
  H=2 nsup=2 w6a        pexact   8.40 cell  72.44 fidH 0.9971 fidL 0.9933 (8s)
  H=2 nsup=2 w5t        pexact   8.00 cell  72.35 fidH 0.9710 fidL 0.9337 (8s)
  H=2 nsup=2 w5c        pexact   8.70 cell  72.52 fidH 0.9913 fidL 0.9803 (8s)
  H=2 nsup=2 w5a        pexact   8.30 cell  72.45 fidH 0.9936 fidL 0.9848 (8s)
  H=2 nsup=2 w4t        pexact   5.90 cell  70.48 fidH 0.8620 fidL 0.7639 (8s)
  H=2 nsup=2 w4c        pexact   7.90 cell  72.12 fidH 0.9707 fidL 0.9299 (8s)
  H=2 nsup=2 w4a        pexact   8.30 cell  72.27 fidH 0.9678 fidL 0.9237 (8s)
  H=2 nsup=2 w4g128     pexact   8.70 cell  72.45 fidH 0.9760 fidL 0.9423 (8s)
  H=2 nsup=2 w4g32      pexact   7.80 cell  72.48 fidH 0.9868 fidL 0.9698 (8s)
  H=2 nsup=2 w3t        pexact   0.00 cell   0.00 fidH -0.0366 fidL 0.0471 (8s)
  H=2 nsup=2 w3c        pexact   5.20 cell  70.22 fidH 0.8369 fidL 0.7257 (8s)
  H=2 nsup=2 w3a        pexact   7.20 cell  71.41 fidH 0.8881 fidL 0.7920 (8s)
  H=2 nsup=2 w3g32      pexact   8.60 cell  71.98 fidH 0.9478 fidL 0.8874 (8s)
  H=2 nsup=2 w2t        pexact   0.00 cell   3.46 fidH -0.0064 fidL 0.0083 (8s)
  H=2 nsup=2 w2c        pexact   0.00 cell  23.45 fidH 0.0033 fidL 0.0418 (8s)
  H=2 nsup=2 w2a        pexact   0.00 cell  40.86 fidH 0.0485 fidL 0.1135 (8s)
  H=2 nsup=2 w2g32      pexact   0.00 cell  38.40 fidH 0.1071 fidL 0.1288 (8s)
  H=2 nsup=4 fp32       pexact  39.70 cell  80.07
  H=2 nsup=4 w8t        pexact  39.30 cell  79.94 fidH 0.9755 fidL 0.9311 (15s)
  H=2 nsup=4 w8c        pexact  40.10 cell  80.27 fidH 0.9895 fidL 0.9622 (15s)
  H=2 nsup=4 w8a        pexact  39.20 cell  80.06 fidH 0.9886 fidL 0.9595 (15s)
  H=2 nsup=4 w6t        pexact  38.30 cell  79.64 fidH 0.9458 fidL 0.8624 (15s)
  H=2 nsup=4 w6c        pexact  38.80 cell  79.90 fidH 0.9547 fidL 0.8880 (15s)
  H=2 nsup=4 w6a        pexact  39.00 cell  79.93 fidH 0.9586 fidL 0.8908 (15s)
  H=2 nsup=4 w5t        pexact  37.70 cell  79.58 fidH 0.9159 fidL 0.8190 (15s)
  H=2 nsup=4 w5c        pexact  39.10 cell  80.01 fidH 0.9471 fidL 0.8671 (15s)
  H=2 nsup=4 w5a        pexact  39.00 cell  79.96 fidH 0.9512 fidL 0.8762 (15s)
  H=2 nsup=4 w4t        pexact  26.70 cell  75.65 fidH 0.8319 fidL 0.7002 (15s)
  H=2 nsup=4 w4c        pexact  36.70 cell  79.09 fidH 0.9185 fidL 0.8228 (15s)
  H=2 nsup=4 w4a        pexact  38.40 cell  79.52 fidH 0.9165 fidL 0.8160 (15s)
  H=2 nsup=4 w4g128     pexact  38.50 cell  79.66 fidH 0.9255 fidL 0.8282 (15s)
  H=2 nsup=4 w4g32      pexact  36.90 cell  79.37 fidH 0.9404 fidL 0.8492 (15s)
  H=2 nsup=4 w3t        pexact   0.00 cell  23.68 fidH 0.0209 fidL 0.0538 (15s)
  H=2 nsup=4 w3c        pexact  25.60 cell  74.80 fidH 0.8161 fidL 0.6739 (15s)
  H=2 nsup=4 w3a        pexact  30.60 cell  76.76 fidH 0.8600 fidL 0.7242 (15s)
  H=2 nsup=4 w3g32      pexact  35.40 cell  78.85 fidH 0.9017 fidL 0.7924 (15s)
  H=2 nsup=4 w2t        pexact   0.00 cell   3.46 fidH 0.0155 fidL 0.0127 (15s)
  H=2 nsup=4 w2c        pexact   0.00 cell  24.88 fidH 0.0422 fidL 0.0454 (15s)
  H=2 nsup=4 w2a        pexact   0.00 cell  40.85 fidH 0.0784 fidL 0.1324 (15s)
  H=2 nsup=4 w2g32      pexact   0.00 cell  47.16 fidH 0.1337 fidL 0.1897 (15s)
  H=2 nsup=8 fp32       pexact  56.70 cell  84.44
  H=2 nsup=8 w8t        pexact  56.40 cell  84.43 fidH 0.9498 fidL 0.8811 (27s)
  H=2 nsup=8 w8c        pexact  58.40 cell  84.86 fidH 0.9559 fidL 0.8912 (28s)
  H=2 nsup=8 w8a        pexact  56.60 cell  84.37 fidH 0.9602 fidL 0.8908 (28s)
  H=2 nsup=8 w6t        pexact  56.00 cell  84.12 fidH 0.9353 fidL 0.8579 (28s)
  H=2 nsup=8 w6c        pexact  58.10 cell  84.82 fidH 0.9402 fidL 0.8685 (28s)
  H=2 nsup=8 w6a        pexact  57.40 cell  84.70 fidH 0.9408 fidL 0.8686 (28s)
  H=2 nsup=8 w5t        pexact  56.70 cell  84.56 fidH 0.9210 fidL 0.8386 (28s)
  H=2 nsup=8 w5c        pexact  55.70 cell  84.15 fidH 0.9346 fidL 0.8579 (28s)
  H=2 nsup=8 w5a        pexact  57.80 cell  84.77 fidH 0.9434 fidL 0.8678 (28s)
  H=2 nsup=8 w4t        pexact  49.80 cell  82.33 fidH 0.8585 fidL 0.7481 (28s)
  H=2 nsup=8 w4c        pexact  55.60 cell  84.28 fidH 0.9239 fidL 0.8410 (28s)
  H=2 nsup=8 w4a        pexact  56.40 cell  84.50 fidH 0.9263 fidL 0.8464 (28s)
  H=2 nsup=8 w4g128     pexact  56.50 cell  84.47 fidH 0.9312 fidL 0.8499 (28s)
  H=2 nsup=8 w4g32      pexact  55.90 cell  84.33 fidH 0.9338 fidL 0.8560 (28s)
  H=2 nsup=8 w3t        pexact   0.00 cell  17.43 fidH 0.0354 fidL 0.0456 (28s)
  H=2 nsup=8 w3c        pexact  46.50 cell  81.12 fidH 0.8323 fidL 0.7136 (28s)
  H=2 nsup=8 w3a        pexact  51.70 cell  82.78 fidH 0.8771 fidL 0.7711 (28s)
  H=2 nsup=8 w3g32      pexact  54.00 cell  83.64 fidH 0.9097 fidL 0.8158 (27s)
  H=2 nsup=8 w2t        pexact   0.00 cell   3.46 fidH 0.0349 fidL 0.0159 (27s)
  H=2 nsup=8 w2c        pexact   0.00 cell  23.58 fidH 0.0554 fidL 0.0336 (28s)
  H=2 nsup=8 w2a        pexact   0.00 cell  41.32 fidH 0.0841 fidL 0.1274 (28s)
  H=2 nsup=8 w2g32      pexact   0.00 cell  44.23 fidH 0.1200 fidL 0.1539 (28s)
  H=2 nsup=16 fp32       pexact  63.00 cell  86.14
  H=2 nsup=16 w8t        pexact  63.70 cell  86.41 fidH 0.9507 fidL 0.8900 (54s)
  H=2 nsup=16 w8c        pexact  64.50 cell  86.68 fidH 0.9591 fidL 0.8986 (54s)
  H=2 nsup=16 w8a        pexact  63.30 cell  86.42 fidH 0.9634 fidL 0.9021 (55s)
  H=2 nsup=16 w6t        pexact  64.00 cell  86.49 fidH 0.9457 fidL 0.8813 (54s)
  H=2 nsup=16 w6c        pexact  64.70 cell  86.76 fidH 0.9558 fidL 0.8936 (54s)
  H=2 nsup=16 w6a        pexact  64.90 cell  86.88 fidH 0.9514 fidL 0.8883 (55s)
  H=2 nsup=16 w5t        pexact  63.30 cell  86.44 fidH 0.9382 fidL 0.8674 (54s)
  H=2 nsup=16 w5c        pexact  62.70 cell  86.11 fidH 0.9518 fidL 0.8841 (54s)
  H=2 nsup=16 w5a        pexact  63.70 cell  86.53 fidH 0.9505 fidL 0.8874 (55s)
  H=2 nsup=16 w4t        pexact  61.80 cell  85.75 fidH 0.8889 fidL 0.7848 (54s)
  H=2 nsup=16 w4c        pexact  63.10 cell  86.34 fidH 0.9337 fidL 0.8621 (54s)
  H=2 nsup=16 w4a        pexact  62.20 cell  86.09 fidH 0.9336 fidL 0.8615 (55s)
  H=2 nsup=16 w4g128     pexact  63.60 cell  86.43 fidH 0.9393 fidL 0.8712 (55s)
  H=2 nsup=16 w4g32      pexact  62.80 cell  86.17 fidH 0.9442 fidL 0.8790 (55s)
  H=2 nsup=16 w3t        pexact   0.00 cell  20.13 fidH 0.0383 fidL 0.0379 (54s)
  H=2 nsup=16 w3c        pexact  60.40 cell  85.26 fidH 0.8645 fidL 0.7528 (54s)
  H=2 nsup=16 w3a        pexact  62.70 cell  86.14 fidH 0.8934 fidL 0.7933 (54s)
  H=2 nsup=16 w3g32      pexact  62.90 cell  86.19 fidH 0.9275 fidL 0.8453 (54s)
  H=2 nsup=16 w2t        pexact   0.00 cell   3.46 fidH 0.0393 fidL 0.0154 (53s)
  H=2 nsup=16 w2c        pexact   0.00 cell  20.21 fidH 0.0548 fidL 0.0291 (54s)
  H=2 nsup=16 w2a        pexact   0.00 cell  42.68 fidH 0.0967 fidL 0.1384 (54s)
  H=2 nsup=16 w2g32      pexact   0.00 cell  44.41 fidH 0.1094 fidL 0.1629 (54s)
  H=3 nsup=1 fp32       pexact   2.20 cell  70.23
  H=3 nsup=1 w8t        pexact   2.20 cell  70.21 fidH 0.9998 fidL 0.9996 (7s)
  H=3 nsup=1 w8c        pexact   2.20 cell  70.24 fidH 0.9999 fidL 0.9999 (6s)
  H=3 nsup=1 w8a        pexact   2.20 cell  70.24 fidH 1.0000 fidL 0.9999 (7s)
  H=3 nsup=1 w6t        pexact   2.20 cell  70.18 fidH 0.9962 fidL 0.9934 (7s)
  H=3 nsup=1 w6c        pexact   2.20 cell  70.24 fidH 0.9991 fidL 0.9983 (7s)
  H=3 nsup=1 w6a        pexact   2.20 cell  70.30 fidH 0.9991 fidL 0.9983 (7s)
  H=3 nsup=1 w5t        pexact   2.10 cell  70.08 fidH 0.9831 fidL 0.9704 (6s)
  H=3 nsup=1 w5c        pexact   2.20 cell  70.23 fidH 0.9960 fidL 0.9928 (7s)
  H=3 nsup=1 w5a        pexact   2.20 cell  70.20 fidH 0.9970 fidL 0.9945 (7s)
  H=3 nsup=1 w4t        pexact   2.10 cell  66.79 fidH 0.8775 fidL 0.8249 (7s)
  H=3 nsup=1 w4c        pexact   2.10 cell  69.87 fidH 0.9822 fidL 0.9687 (7s)
  H=3 nsup=1 w4a        pexact   2.10 cell  69.91 fidH 0.9829 fidL 0.9696 (7s)
  H=3 nsup=1 w4g128     pexact   2.10 cell  69.99 fidH 0.9877 fidL 0.9774 (7s)
  H=3 nsup=1 w4g32      pexact   2.10 cell  70.09 fidH 0.9945 fidL 0.9901 (7s)
  H=3 nsup=1 w3t        pexact   0.00 cell   0.00 fidH -0.0022 fidL 0.0408 (7s)
  H=3 nsup=1 w3c        pexact   2.00 cell  66.17 fidH 0.8154 fidL 0.7551 (7s)
  H=3 nsup=1 w3a        pexact   2.10 cell  67.80 fidH 0.8905 fidL 0.8395 (7s)
  H=3 nsup=1 w3g32      pexact   2.10 cell  69.58 fidH 0.9649 fidL 0.9426 (7s)
  H=3 nsup=1 w2t        pexact   0.00 cell   3.46 fidH 0.0468 fidL 0.0885 (7s)
  H=3 nsup=1 w2c        pexact   0.00 cell  21.45 fidH 0.0351 fidL 0.0585 (7s)
  H=3 nsup=1 w2a        pexact   0.00 cell  38.99 fidH 0.0377 fidL 0.0870 (7s)
  H=3 nsup=1 w2g32      pexact   0.00 cell   0.11 fidH 0.0480 fidL 0.1171 (7s)
  H=3 nsup=2 fp32       pexact  27.40 cell  76.85
  H=3 nsup=2 w8t        pexact  27.70 cell  76.85 fidH 0.9933 fidL 0.9758 (11s)
  H=3 nsup=2 w8c        pexact  27.30 cell  76.76 fidH 0.9978 fidL 0.9910 (11s)
  H=3 nsup=2 w8a        pexact  27.90 cell  76.85 fidH 0.9970 fidL 0.9901 (12s)
  H=3 nsup=2 w6t        pexact  27.40 cell  76.71 fidH 0.9687 fidL 0.9085 (11s)
  H=3 nsup=2 w6c        pexact  27.60 cell  76.80 fidH 0.9829 fidL 0.9466 (12s)
  H=3 nsup=2 w6a        pexact  27.90 cell  76.74 fidH 0.9804 fidL 0.9386 (12s)
  H=3 nsup=2 w5t        pexact  28.30 cell  76.78 fidH 0.9357 fidL 0.8441 (11s)
  H=3 nsup=2 w5c        pexact  28.20 cell  77.03 fidH 0.9711 fidL 0.9099 (12s)
  H=3 nsup=2 w5a        pexact  28.10 cell  76.95 fidH 0.9702 fidL 0.9166 (12s)
  H=3 nsup=2 w4t        pexact  18.30 cell  72.85 fidH 0.8459 fidL 0.6914 (11s)
  H=3 nsup=2 w4c        pexact  26.60 cell  76.13 fidH 0.9412 fidL 0.8494 (12s)
  H=3 nsup=2 w4a        pexact  27.90 cell  76.68 fidH 0.9358 fidL 0.8400 (12s)
  H=3 nsup=2 w4g128     pexact  27.50 cell  76.64 fidH 0.9484 fidL 0.8625 (12s)
  H=3 nsup=2 w4g32      pexact  28.80 cell  76.87 fidH 0.9607 fidL 0.8878 (12s)
  H=3 nsup=2 w3t        pexact   0.00 cell   0.00 fidH -0.0001 fidL 0.0618 (11s)
  H=3 nsup=2 w3c        pexact  17.90 cell  72.23 fidH 0.8303 fidL 0.6726 (12s)
  H=3 nsup=2 w3a        pexact  21.90 cell  74.09 fidH 0.8701 fidL 0.7202 (12s)
  H=3 nsup=2 w3g32      pexact  24.40 cell  75.44 fidH 0.9168 fidL 0.8050 (12s)
  H=3 nsup=2 w2t        pexact   0.00 cell   3.46 fidH 0.0003 fidL 0.0097 (11s)
  H=3 nsup=2 w2c        pexact   0.00 cell  24.70 fidH 0.0276 fidL 0.0469 (11s)
  H=3 nsup=2 w2a        pexact   0.00 cell  43.49 fidH 0.0742 fidL 0.1195 (12s)
  H=3 nsup=2 w2g32      pexact   0.00 cell  47.28 fidH 0.1797 fidL 0.1780 (12s)
  H=3 nsup=4 fp32       pexact  52.90 cell  83.40
  H=3 nsup=4 w8t        pexact  51.30 cell  82.93 fidH 0.9524 fidL 0.8825 (21s)
  H=3 nsup=4 w8c        pexact  52.20 cell  83.25 fidH 0.9648 fidL 0.9055 (21s)
  H=3 nsup=4 w8a        pexact  52.00 cell  83.29 fidH 0.9626 fidL 0.9046 (22s)
  H=3 nsup=4 w6t        pexact  51.40 cell  82.95 fidH 0.9289 fidL 0.8481 (21s)
  H=3 nsup=4 w6c        pexact  53.40 cell  83.57 fidH 0.9376 fidL 0.8593 (21s)
  H=3 nsup=4 w6a        pexact  52.40 cell  83.41 fidH 0.9392 fidL 0.8653 (22s)
  H=3 nsup=4 w5t        pexact  50.50 cell  82.82 fidH 0.9201 fidL 0.8319 (21s)
  H=3 nsup=4 w5c        pexact  50.60 cell  82.74 fidH 0.9324 fidL 0.8501 (21s)
  H=3 nsup=4 w5a        pexact  52.20 cell  83.23 fidH 0.9370 fidL 0.8616 (22s)
  H=3 nsup=4 w4t        pexact  42.00 cell  80.31 fidH 0.8447 fidL 0.7254 (21s)
  H=3 nsup=4 w4c        pexact  50.30 cell  82.84 fidH 0.9157 fidL 0.8259 (21s)
  H=3 nsup=4 w4a        pexact  50.10 cell  82.59 fidH 0.9136 fidL 0.8217 (22s)
  H=3 nsup=4 w4g128     pexact  51.90 cell  83.15 fidH 0.9242 fidL 0.8383 (21s)
  H=3 nsup=4 w4g32      pexact  50.70 cell  82.91 fidH 0.9273 fidL 0.8439 (22s)
  H=3 nsup=4 w3t        pexact   0.00 cell  20.40 fidH 0.0367 fidL 0.0505 (21s)
  H=3 nsup=4 w3c        pexact  38.00 cell  78.54 fidH 0.8167 fidL 0.6903 (21s)
  H=3 nsup=4 w3a        pexact  44.30 cell  80.95 fidH 0.8622 fidL 0.7465 (21s)
  H=3 nsup=4 w3g32      pexact  49.00 cell  82.18 fidH 0.9036 fidL 0.8015 (22s)
  H=3 nsup=4 w2t        pexact   0.00 cell   3.46 fidH 0.0306 fidL 0.0145 (21s)
  H=3 nsup=4 w2c        pexact   0.00 cell  23.95 fidH 0.0552 fidL 0.0380 (21s)
  H=3 nsup=4 w2a        pexact   0.00 cell  41.74 fidH 0.0838 fidL 0.1342 (21s)
  H=3 nsup=4 w2g32      pexact   0.00 cell  45.53 fidH 0.1257 fidL 0.1597 (21s)
  H=3 nsup=8 fp32       pexact  61.00 cell  85.64
  H=3 nsup=8 w8t        pexact  61.80 cell  86.03 fidH 0.9505 fidL 0.8821 (41s)
  H=3 nsup=8 w8c        pexact  62.10 cell  85.97 fidH 0.9559 fidL 0.8911 (42s)
  H=3 nsup=8 w8a        pexact  60.90 cell  85.63 fidH 0.9632 fidL 0.8982 (42s)
  H=3 nsup=8 w6t        pexact  61.30 cell  85.71 fidH 0.9423 fidL 0.8761 (41s)
  H=3 nsup=8 w6c        pexact  62.80 cell  86.30 fidH 0.9484 fidL 0.8858 (41s)
  H=3 nsup=8 w6a        pexact  62.80 cell  86.43 fidH 0.9487 fidL 0.8823 (41s)
  H=3 nsup=8 w5t        pexact  61.40 cell  85.80 fidH 0.9354 fidL 0.8624 (41s)
  H=3 nsup=8 w5c        pexact  60.40 cell  85.49 fidH 0.9456 fidL 0.8760 (41s)
  H=3 nsup=8 w5a        pexact  61.40 cell  85.79 fidH 0.9479 fidL 0.8823 (41s)
  H=3 nsup=8 w4t        pexact  58.00 cell  84.80 fidH 0.8806 fidL 0.7737 (41s)
  H=3 nsup=8 w4c        pexact  60.00 cell  85.38 fidH 0.9326 fidL 0.8567 (41s)
  H=3 nsup=8 w4a        pexact  60.60 cell  85.54 fidH 0.9341 fidL 0.8610 (41s)
  H=3 nsup=8 w4g128     pexact  60.70 cell  85.51 fidH 0.9392 fidL 0.8691 (41s)
  H=3 nsup=8 w4g32      pexact  61.00 cell  85.79 fidH 0.9433 fidL 0.8704 (41s)
  H=3 nsup=8 w3t        pexact   0.00 cell  17.03 fidH 0.0350 fidL 0.0335 (41s)
  H=3 nsup=8 w3c        pexact  56.20 cell  83.79 fidH 0.8536 fidL 0.7373 (41s)
  H=3 nsup=8 w3a        pexact  59.40 cell  85.08 fidH 0.8916 fidL 0.7917 (41s)
  H=3 nsup=8 w3g32      pexact  60.70 cell  85.45 fidH 0.9214 fidL 0.8383 (41s)
  H=3 nsup=8 w2t        pexact   0.00 cell   3.46 fidH 0.0388 fidL 0.0154 (40s)
  H=3 nsup=8 w2c        pexact   0.00 cell  22.09 fidH 0.0548 fidL 0.0289 (41s)
  H=3 nsup=8 w2a        pexact   0.00 cell  41.73 fidH 0.0910 fidL 0.1306 (41s)
  H=3 nsup=8 w2g32      pexact   0.00 cell  44.17 fidH 0.1146 fidL 0.1620 (41s)
  H=3 nsup=16 fp32       pexact  64.80 cell  86.94
  H=3 nsup=16 w8t        pexact  67.10 cell  87.55 fidH 0.9544 fidL 0.8958 (81s)
  H=3 nsup=16 w8c        pexact  67.30 cell  87.58 fidH 0.9628 fidL 0.9055 (81s)
  H=3 nsup=16 w8a        pexact  65.50 cell  86.99 fidH 0.9660 fidL 0.9084 (81s)
  H=3 nsup=16 w6t        pexact  66.10 cell  87.21 fidH 0.9529 fidL 0.8928 (81s)
  H=3 nsup=16 w6c        pexact  66.90 cell  87.42 fidH 0.9590 fidL 0.9023 (81s)
  H=3 nsup=16 w6a        pexact  66.90 cell  87.41 fidH 0.9584 fidL 0.9002 (81s)
  H=3 nsup=16 w5t        pexact  65.20 cell  86.84 fidH 0.9425 fidL 0.8770 (81s)
  H=3 nsup=16 w5c        pexact  66.90 cell  87.46 fidH 0.9577 fidL 0.9005 (81s)
  H=3 nsup=16 w5a        pexact  66.10 cell  87.22 fidH 0.9541 fidL 0.8958 (81s)
  H=3 nsup=16 w4t        pexact  65.50 cell  87.01 fidH 0.8876 fidL 0.7864 (81s)
  H=3 nsup=16 w4c        pexact  66.30 cell  87.25 fidH 0.9353 fidL 0.8651 (81s)
  H=3 nsup=16 w4a        pexact  65.30 cell  86.95 fidH 0.9430 fidL 0.8778 (81s)
  H=3 nsup=16 w4g128     pexact  65.60 cell  87.04 fidH 0.9414 fidL 0.8785 (81s)
  H=3 nsup=16 w4g32      pexact  66.70 cell  87.42 fidH 0.9526 fidL 0.8901 (81s)
  H=3 nsup=16 w3t        pexact   0.00 cell  19.97 fidH 0.0388 fidL 0.0362 (81s)
  H=3 nsup=16 w3c        pexact  65.20 cell  86.73 fidH 0.8642 fidL 0.7496 (81s)
  H=3 nsup=16 w3a        pexact  66.80 cell  87.47 fidH 0.8926 fidL 0.7962 (81s)
  H=3 nsup=16 w3g32      pexact  65.60 cell  86.88 fidH 0.9257 fidL 0.8435 (81s)
  H=3 nsup=16 w2t        pexact   0.00 cell   3.46 fidH 0.0382 fidL 0.0164 (79s)
  H=3 nsup=16 w2c        pexact   0.00 cell  20.51 fidH 0.0558 fidL 0.0304 (80s)
  H=3 nsup=16 w2a        pexact   0.00 cell  43.25 fidH 0.1005 fidL 0.1468 (80s)
  H=3 nsup=16 w2g32      pexact   0.00 cell  44.90 fidH 0.1118 fidL 0.1683 (88s)
  H=4 nsup=1 fp32       pexact   8.50 cell  72.52
  H=4 nsup=1 w8t        pexact   8.40 cell  72.47 fidH 0.9995 fidL 0.9988 (11s)
  H=4 nsup=1 w8c        pexact   8.60 cell  72.50 fidH 0.9999 fidL 0.9997 (11s)
  H=4 nsup=1 w8a        pexact   8.50 cell  72.50 fidH 0.9999 fidL 0.9997 (12s)
  H=4 nsup=1 w6t        pexact   8.20 cell  72.39 fidH 0.9924 fidL 0.9812 (11s)
  H=4 nsup=1 w6c        pexact   8.70 cell  72.53 fidH 0.9977 fidL 0.9949 (12s)
  H=4 nsup=1 w6a        pexact   8.40 cell  72.44 fidH 0.9971 fidL 0.9933 (12s)
  H=4 nsup=1 w5t        pexact   8.00 cell  72.35 fidH 0.9710 fidL 0.9337 (11s)
  H=4 nsup=1 w5c        pexact   8.70 cell  72.52 fidH 0.9913 fidL 0.9803 (12s)
  H=4 nsup=1 w5a        pexact   8.30 cell  72.45 fidH 0.9936 fidL 0.9848 (12s)
  H=4 nsup=1 w4t        pexact   5.90 cell  70.48 fidH 0.8620 fidL 0.7639 (11s)
  H=4 nsup=1 w4c        pexact   7.90 cell  72.12 fidH 0.9707 fidL 0.9299 (11s)
  H=4 nsup=1 w4a        pexact   8.30 cell  72.27 fidH 0.9678 fidL 0.9237 (12s)
  H=4 nsup=1 w4g128     pexact   8.70 cell  72.45 fidH 0.9760 fidL 0.9423 (12s)
  H=4 nsup=1 w4g32      pexact   7.80 cell  72.48 fidH 0.9868 fidL 0.9698 (12s)
  H=4 nsup=1 w3t        pexact   0.00 cell   0.00 fidH -0.0366 fidL 0.0471 (12s)
  H=4 nsup=1 w3c        pexact   5.20 cell  70.22 fidH 0.8369 fidL 0.7257 (12s)
  H=4 nsup=1 w3a        pexact   7.20 cell  71.41 fidH 0.8881 fidL 0.7920 (12s)
  H=4 nsup=1 w3g32      pexact   8.60 cell  71.98 fidH 0.9478 fidL 0.8874 (12s)
  H=4 nsup=1 w2t        pexact   0.00 cell   3.46 fidH -0.0064 fidL 0.0083 (11s)
  H=4 nsup=1 w2c        pexact   0.00 cell  23.45 fidH 0.0033 fidL 0.0418 (11s)
  H=4 nsup=1 w2a        pexact   0.00 cell  40.86 fidH 0.0485 fidL 0.1135 (12s)
  H=4 nsup=1 w2g32      pexact   0.00 cell  38.40 fidH 0.1071 fidL 0.1288 (12s)
  H=4 nsup=2 fp32       pexact  39.70 cell  80.07
  H=4 nsup=2 w8t        pexact  39.30 cell  79.94 fidH 0.9755 fidL 0.9311 (21s)
  H=4 nsup=2 w8c        pexact  40.10 cell  80.27 fidH 0.9895 fidL 0.9622 (21s)
  H=4 nsup=2 w8a        pexact  39.20 cell  80.06 fidH 0.9886 fidL 0.9595 (22s)
  H=4 nsup=2 w6t        pexact  38.30 cell  79.64 fidH 0.9458 fidL 0.8624 (21s)
  H=4 nsup=2 w6c        pexact  38.80 cell  79.90 fidH 0.9547 fidL 0.8880 (21s)
  H=4 nsup=2 w6a        pexact  39.00 cell  79.93 fidH 0.9586 fidL 0.8908 (21s)
  H=4 nsup=2 w5t        pexact  37.70 cell  79.58 fidH 0.9159 fidL 0.8190 (21s)
  H=4 nsup=2 w5c        pexact  39.10 cell  80.01 fidH 0.9471 fidL 0.8671 (21s)
  H=4 nsup=2 w5a        pexact  39.00 cell  79.96 fidH 0.9512 fidL 0.8762 (22s)
  H=4 nsup=2 w4t        pexact  26.70 cell  75.65 fidH 0.8319 fidL 0.7002 (21s)
  H=4 nsup=2 w4c        pexact  36.70 cell  79.09 fidH 0.9185 fidL 0.8228 (21s)
  H=4 nsup=2 w4a        pexact  38.40 cell  79.52 fidH 0.9165 fidL 0.8160 (22s)
  H=4 nsup=2 w4g128     pexact  38.50 cell  79.66 fidH 0.9255 fidL 0.8282 (21s)
  H=4 nsup=2 w4g32      pexact  36.90 cell  79.37 fidH 0.9404 fidL 0.8492 (22s)
  H=4 nsup=2 w3t        pexact   0.00 cell  23.68 fidH 0.0209 fidL 0.0538 (21s)
  H=4 nsup=2 w3c        pexact  25.60 cell  74.80 fidH 0.8161 fidL 0.6739 (21s)
  H=4 nsup=2 w3a        pexact  30.60 cell  76.76 fidH 0.8600 fidL 0.7242 (21s)
  H=4 nsup=2 w3g32      pexact  35.40 cell  78.85 fidH 0.9017 fidL 0.7924 (21s)
  H=4 nsup=2 w2t        pexact   0.00 cell   3.46 fidH 0.0155 fidL 0.0127 (21s)
  H=4 nsup=2 w2c        pexact   0.00 cell  24.88 fidH 0.0422 fidL 0.0454 (21s)
  H=4 nsup=2 w2a        pexact   0.00 cell  40.85 fidH 0.0784 fidL 0.1324 (22s)
  H=4 nsup=2 w2g32      pexact   0.00 cell  47.16 fidH 0.1337 fidL 0.1897 (21s)
  H=4 nsup=4 fp32       pexact  56.70 cell  84.44
  H=4 nsup=4 w8t        pexact  56.40 cell  84.43 fidH 0.9498 fidL 0.8811 (41s)
  H=4 nsup=4 w8c        pexact  58.40 cell  84.86 fidH 0.9559 fidL 0.8912 (41s)
  H=4 nsup=4 w8a        pexact  56.60 cell  84.37 fidH 0.9602 fidL 0.8908 (41s)
  H=4 nsup=4 w6t        pexact  56.00 cell  84.12 fidH 0.9353 fidL 0.8579 (41s)
  H=4 nsup=4 w6c        pexact  58.10 cell  84.82 fidH 0.9402 fidL 0.8685 (41s)
  H=4 nsup=4 w6a        pexact  57.40 cell  84.70 fidH 0.9408 fidL 0.8686 (41s)
  H=4 nsup=4 w5t        pexact  56.70 cell  84.56 fidH 0.9210 fidL 0.8386 (41s)
  H=4 nsup=4 w5c        pexact  55.70 cell  84.15 fidH 0.9346 fidL 0.8579 (41s)
  H=4 nsup=4 w5a        pexact  57.80 cell  84.77 fidH 0.9434 fidL 0.8678 (41s)
  H=4 nsup=4 w4t        pexact  49.80 cell  82.33 fidH 0.8585 fidL 0.7481 (41s)
  H=4 nsup=4 w4c        pexact  55.60 cell  84.28 fidH 0.9239 fidL 0.8410 (41s)
  H=4 nsup=4 w4a        pexact  56.40 cell  84.50 fidH 0.9263 fidL 0.8464 (41s)
  H=4 nsup=4 w4g128     pexact  56.50 cell  84.47 fidH 0.9312 fidL 0.8499 (41s)
  H=4 nsup=4 w4g32      pexact  55.90 cell  84.33 fidH 0.9338 fidL 0.8560 (41s)
  H=4 nsup=4 w3t        pexact   0.00 cell  17.43 fidH 0.0354 fidL 0.0456 (41s)
  H=4 nsup=4 w3c        pexact  46.50 cell  81.12 fidH 0.8323 fidL 0.7136 (41s)
  H=4 nsup=4 w3a        pexact  51.70 cell  82.78 fidH 0.8771 fidL 0.7711 (41s)
  H=4 nsup=4 w3g32      pexact  54.00 cell  83.64 fidH 0.9097 fidL 0.8158 (28s)
  H=4 nsup=4 w2t        pexact   0.00 cell   3.46 fidH 0.0349 fidL 0.0159 (27s)
  H=4 nsup=4 w2c        pexact   0.00 cell  23.58 fidH 0.0554 fidL 0.0336 (28s)
  H=4 nsup=4 w2a        pexact   0.00 cell  41.32 fidH 0.0841 fidL 0.1274 (28s)
  H=4 nsup=4 w2g32      pexact   0.00 cell  44.23 fidH 0.1200 fidL 0.1539 (28s)
  H=4 nsup=8 fp32       pexact  63.00 cell  86.14
  H=4 nsup=8 w8t        pexact  63.70 cell  86.41 fidH 0.9507 fidL 0.8900 (54s)
  H=4 nsup=8 w8c        pexact  64.50 cell  86.68 fidH 0.9591 fidL 0.8986 (53s)
  H=4 nsup=8 w8a        pexact  63.30 cell  86.42 fidH 0.9634 fidL 0.9021 (54s)
  H=4 nsup=8 w6t        pexact  64.00 cell  86.49 fidH 0.9457 fidL 0.8813 (54s)
  H=4 nsup=8 w6c        pexact  64.70 cell  86.76 fidH 0.9558 fidL 0.8936 (54s)
  H=4 nsup=8 w6a        pexact  64.90 cell  86.88 fidH 0.9514 fidL 0.8883 (54s)
  H=4 nsup=8 w5t        pexact  63.30 cell  86.44 fidH 0.9382 fidL 0.8674 (54s)
  H=4 nsup=8 w5c        pexact  62.70 cell  86.11 fidH 0.9518 fidL 0.8841 (54s)
  H=4 nsup=8 w5a        pexact  63.70 cell  86.53 fidH 0.9505 fidL 0.8874 (54s)
  H=4 nsup=8 w4t        pexact  61.80 cell  85.75 fidH 0.8889 fidL 0.7848 (54s)
  H=4 nsup=8 w4c        pexact  63.10 cell  86.34 fidH 0.9337 fidL 0.8621 (53s)
  H=4 nsup=8 w4a        pexact  62.20 cell  86.09 fidH 0.9336 fidL 0.8615 (54s)
  H=4 nsup=8 w4g128     pexact  63.60 cell  86.43 fidH 0.9393 fidL 0.8712 (54s)
  H=4 nsup=8 w4g32      pexact  62.80 cell  86.17 fidH 0.9442 fidL 0.8790 (54s)
  H=4 nsup=8 w3t        pexact   0.00 cell  20.13 fidH 0.0383 fidL 0.0379 (54s)
  H=4 nsup=8 w3c        pexact  60.40 cell  85.26 fidH 0.8645 fidL 0.7528 (54s)
  H=4 nsup=8 w3a        pexact  62.70 cell  86.14 fidH 0.8934 fidL 0.7933 (39s)
  H=4 nsup=8 w3g32      pexact  62.90 cell  86.19 fidH 0.9275 fidL 0.8453 (22s)
  H=4 nsup=8 w2t        pexact   0.00 cell   3.46 fidH 0.0393 fidL 0.0154 (226s)
  H=4 nsup=8 w2c        pexact   0.00 cell  20.21 fidH 0.0548 fidL 0.0291 (235s)
  H=4 nsup=8 w2a        pexact   0.00 cell  42.68 fidH 0.0967 fidL 0.1384 (235s)
  H=4 nsup=8 w2g32      pexact   0.00 cell  44.41 fidH 0.1094 fidL 0.1629 (238s)
  H=4 nsup=16 fp32       pexact  66.20 cell  87.25
  H=4 nsup=16 w8t        pexact  68.40 cell  87.86 fidH 0.9568 fidL 0.9018 (474s)
  H=4 nsup=16 w8c        pexact  68.80 cell  88.08 fidH 0.9638 fidL 0.9127 (474s)
  H=4 nsup=16 w8a        pexact  68.30 cell  87.94 fidH 0.9648 fidL 0.9119 (474s)
  H=4 nsup=16 w6t        pexact  68.20 cell  87.90 fidH 0.9577 fidL 0.9026 (474s)
  H=4 nsup=16 w6c        pexact  68.00 cell  87.89 fidH 0.9606 fidL 0.9073 (474s)
  H=4 nsup=16 w6a        pexact  68.60 cell  88.00 fidH 0.9617 fidL 0.9094 (474s)
  H=4 nsup=16 w5t        pexact  67.10 cell  87.56 fidH 0.9437 fidL 0.8798 (474s)
  H=4 nsup=16 w5c        pexact  68.40 cell  87.90 fidH 0.9593 fidL 0.9044 (474s)
  H=4 nsup=16 w5a        pexact  67.10 cell  87.54 fidH 0.9554 fidL 0.8957 (474s)
  H=4 nsup=16 w4t        pexact  67.20 cell  87.59 fidH 0.8914 fidL 0.7918 (474s)
  H=4 nsup=16 w4c        pexact  68.50 cell  87.97 fidH 0.9402 fidL 0.8768 (474s)
  H=4 nsup=16 w4a        pexact  67.50 cell  87.89 fidH 0.9464 fidL 0.8820 (474s)
  H=4 nsup=16 w4g128     pexact  66.70 cell  87.49 fidH 0.9489 fidL 0.8891 (474s)
  H=4 nsup=16 w4g32      pexact  68.60 cell  88.21 fidH 0.9567 fidL 0.8983 (475s)
  H=4 nsup=16 w3t        pexact   0.00 cell  19.29 fidH 0.0394 fidL 0.0339 (475s)
  H=4 nsup=16 w3c        pexact  68.00 cell  87.82 fidH 0.8674 fidL 0.7571 (474s)
  H=4 nsup=16 w3a        pexact  69.40 cell  88.26 fidH 0.8962 fidL 0.8037 (474s)
  H=4 nsup=16 w3g32      pexact  67.60 cell  87.63 fidH 0.9293 fidL 0.8526 (474s)
  H=4 nsup=16 w2t        pexact   0.00 cell   3.46 fidH 0.0377 fidL 0.0165 (476s)
  H=4 nsup=16 w2c        pexact   0.00 cell  21.06 fidH 0.0569 fidL 0.0292 (474s)
  H=4 nsup=16 w2a        pexact   0.00 cell  43.57 fidH 0.1029 fidL 0.1499 (474s)
  H=4 nsup=16 w2g32      pexact   0.00 cell  45.49 fidH 0.1131 fidL 0.1703 (474s)
wrote /home/ubuntu/breadth/results/variant_trm_sudoku_attn_w512_s0_65100.json 460 records
variant checkpoint /home/ubuntu/edgetrm_src/TinyRecursiveModels/checkpoints/Sudoku-extreme-1k-aug-1000-ACT-torch/trm_sudoku_attn_w768_s0/step_6510: arch {'H_cycles': 3, 'H_layers': 0, 'L_cycles': 6, 'L_layers': 2, 'expansion': 4, 'forward_dtype': 'bfloat16', 'halt_exploration_prob': 0.1, 'halt_max_steps': 16, 'hidden_size': 768, 'loss': {'loss_type': 'stablemax_cross_entropy', 'name': 'losses@ACTLossHead'}, 'mlp_t': False, 'name': 'recursive_reasoning.trm@TinyRecursiveReasoningModel_ACTV1', 'no_ACT_continue': True, 'num_heads': 12, 'pos_encodings': 'rope', 'puzzle_emb_len': 16, 'puzzle_emb_ndim': 768}
sudoku_attn: 1000 puzzles, batch 256, H=[3], nsup=[16], quants=['fp32', 'w8t', 'w8c', 'w8a', 'w6t', 'w6c', 'w6a', 'w5t', 'w5c', 'w5a', 'w4t', 'w4c', 'w4a', 'w4g128', 'w4g32', 'w3t', 'w3c', 'w3a', 'w3g32', 'w2t', 'w2c', 'w2a', 'w2g32']; 0 records already
  H=3 nsup=16 fp32       pexact  10.70 cell  69.04
variant checkpoint /home/ubuntu/edgetrm_src/TinyRecursiveModels/checkpoints/Sudoku-extreme-1k-aug-1000-ACT-torch/trm_sudoku_attn_w768_s0/step_13020: arch {'H_cycles': 3, 'H_layers': 0, 'L_cycles': 6, 'L_layers': 2, 'expansion': 4, 'forward_dtype': 'bfloat16', 'halt_exploration_prob': 0.1, 'halt_max_steps': 16, 'hidden_size': 768, 'loss': {'loss_type': 'stablemax_cross_entropy', 'name': 'losses@ACTLossHead'}, 'mlp_t': False, 'name': 'recursive_reasoning.trm@TinyRecursiveReasoningModel_ACTV1', 'no_ACT_continue': True, 'num_heads': 12, 'pos_encodings': 'rope', 'puzzle_emb_len': 16, 'puzzle_emb_ndim': 768}
sudoku_attn: 1000 puzzles, batch 256, H=[3], nsup=[16], quants=['fp32', 'w8t', 'w8c', 'w8a', 'w6t', 'w6c', 'w6a', 'w5t', 'w5c', 'w5a', 'w4t', 'w4c', 'w4a', 'w4g128', 'w4g32', 'w3t', 'w3c', 'w3a', 'w3g32', 'w2t', 'w2c', 'w2a', 'w2g32']; 0 records already
  H=3 nsup=16 fp32       pexact  46.10 cell  80.89
  H=3 nsup=16 w8t        pexact  46.10 cell  80.96 fidH 0.9692 fidL 0.9373 (132s)
  H=3 nsup=16 w8c        pexact  46.30 cell  80.94 fidH 0.9700 fidL 0.9387 (138s)
  H=3 nsup=16 w8a        pexact  46.30 cell  80.98 fidH 0.9722 fidL 0.9432 (135s)
  H=3 nsup=16 w6t        pexact  46.70 cell  80.97 fidH 0.9680 fidL 0.9359 (124s)
  H=3 nsup=16 w6c        pexact  45.80 cell  80.83 fidH 0.9685 fidL 0.9389 (134s)
  H=3 nsup=16 w6a        pexact  45.80 cell  80.79 fidH 0.9673 fidL 0.9356 (135s)
  H=3 nsup=16 w5t        pexact  46.80 cell  81.11 fidH 0.9586 fidL 0.9237 (137s)
  H=3 nsup=16 w5c        pexact  45.40 cell  80.75 fidH 0.9653 fidL 0.9313 (137s)
  H=3 nsup=16 w5a        pexact  45.80 cell  80.73 fidH 0.9651 fidL 0.9307 (147s)
